<?xml version="1.0"?>
<doc>
    <assembly>
        <name>Apa102</name>
    </assembly>
    <members>
        <member name="T:Meadow.Foundation.Leds.Apa102">
            <summary>
            Represents APA102/Dotstar Led(s)
            </summary>
        </member>
        <member name="P:Meadow.Foundation.Leds.Apa102.DefaultSpiBusSpeed">
            <summary>
            The default SPI bus speed for the device
            </summary>
        </member>
        <member name="P:Meadow.Foundation.Leds.Apa102.SpiBusSpeed">
            <summary>
            The SPI bus speed for the device
            </summary>
        </member>
        <member name="P:Meadow.Foundation.Leds.Apa102.DefaultSpiBusMode">
            <summary>
            The default SPI bus mode for the device
            </summary>
        </member>
        <member name="P:Meadow.Foundation.Leds.Apa102.SpiBusMode">
            <summary>
            The SPI bus mode for the device
            </summary>
        </member>
        <member name="P:Meadow.Foundation.Leds.Apa102.IsDisposed">
            <summary>
            Is the object disposed
            </summary>
        </member>
        <member name="F:Meadow.Foundation.Leds.Apa102.createdPort">
            <summary>
            Did we create the port(s) used by the peripheral
            </summary>
        </member>
        <member name="F:Meadow.Foundation.Leds.Apa102.spiComms">
            <summary>
            SPI Communication bus used to communicate with the peripheral
            </summary>
        </member>
        <member name="P:Meadow.Foundation.Leds.Apa102.NumberOfLeds">
            <summary>
            Total number of leds 
            </summary>
        </member>
        <member name="P:Meadow.Foundation.Leds.Apa102.Brightness">
            <summary>
            Brightness used for LEDs
            Default is 0.5
            </summary>
        </member>
        <member name="M:Meadow.Foundation.Leds.Apa102.#ctor(Meadow.Hardware.ISpiBus,Meadow.Hardware.IPin,System.Int32,Meadow.Foundation.Leds.Apa102.PixelOrder)">
            <summary>
            Creates a new APA102 object
            </summary>
            <param name="spiBus">SPI bus</param>
            <param name="chipSelectPin">Chip select pin</param>
            <param name="numberOfLeds">Number of leds</param>
            <param name="pixelOrder">Pixel color order</param>
        </member>
        <member name="M:Meadow.Foundation.Leds.Apa102.#ctor(Meadow.Hardware.ISpiBus,System.Int32,Meadow.Foundation.Leds.Apa102.PixelOrder,Meadow.Hardware.IDigitalOutputPort)">
            <summary>
            Creates a new APA102 object
            </summary>
            <param name="spiBus">SPI bus</param>
            <param name="numberOfLeds">Number of leds</param>
            <param name="pixelOrder">Pixel color order</param>
            <param name="chipSelectPort">SPI chip select port (optional)</param>
        </member>
        <member name="M:Meadow.Foundation.Leds.Apa102.SetLed(System.Int32,Meadow.Color)">
            <summary>
            Set the color of the specified LED using the global brightness value
            </summary>
            <param name="index">Index of the LED to change</param>
            <param name="color">The color</param>
        </member>
        <member name="M:Meadow.Foundation.Leds.Apa102.SetLed(System.Int32,Meadow.Color,System.Single)">
            <summary>
            Set the color of the specified LED
            </summary>
            <param name="index">Index of the LED to change</param>
            <param name="color">The color</param>
            <param name="brightness">The brightness 0.0 - 1.0f</param>
        </member>
        <member name="M:Meadow.Foundation.Leds.Apa102.SetLed(System.Int32,System.Byte[])">
            <summary>
            Set the color of the specified LED
            </summary>
            <param name="index">Index of the LED to change</param>
            <param name="rgb">Byte array representing the color RGB values. byte[0] = Red, byte[1] = Green, byte[2] = Blue</param>
        </member>
        <member name="M:Meadow.Foundation.Leds.Apa102.SetLed(System.Int32,System.Byte[],System.Single)">
            <summary>
            Set the color of the specified LED
            </summary>
            <param name="index">Index of the LED to change</param>
            <param name="rgb">Byte array representing the color RGB values. byte[0] = Red, byte[1] = Green, byte[2] = Blue</param>
            <param name="brightness">The brightness 0.0 - 1.0f</param>
        </member>
        <member name="M:Meadow.Foundation.Leds.Apa102.Clear">
            <summary>
            Clear the display buffer
            </summary>
        </member>
        <member name="M:Meadow.Foundation.Leds.Apa102.Clear(System.Boolean)">
            <summary>
            Clear the display buffer
            </summary>
            <param name="update">Update the leds if true</param>
        </member>
        <member name="M:Meadow.Foundation.Leds.Apa102.Show">
            <summary>
            Transmit the buffer to the LEDs 
            </summary>
        </member>
        <member name="M:Meadow.Foundation.Leds.Apa102.Show(System.Int32,System.Int32,System.Int32,System.Int32)">
            <summary>
            Update APA102 with data in display buffer
            </summary>
            <param name="left">left</param>
            <param name="top">top</param>
            <param name="right">right</param>
            <param name="bottom">bottom</param>
        </member>
        <member name="M:Meadow.Foundation.Leds.Apa102.Dispose">
            <inheritdoc/>
        </member>
        <member name="M:Meadow.Foundation.Leds.Apa102.Dispose(System.Boolean)">
            <summary>
            Dispose of the object
            </summary>
            <param name="disposing">Is disposing</param>
        </member>
        <member name="P:Meadow.Foundation.Leds.Apa102.ColorMode">
            <inheritdoc/>
        </member>
        <member name="P:Meadow.Foundation.Leds.Apa102.SupportedColorModes">
            <inheritdoc/>
        </member>
        <member name="P:Meadow.Foundation.Leds.Apa102.Width">
            <inheritdoc/>
        </member>
        <member name="P:Meadow.Foundation.Leds.Apa102.Height">
            <inheritdoc/>
        </member>
        <member name="P:Meadow.Foundation.Leds.Apa102.PixelBuffer">
            <inheritdoc/>
        </member>
        <member name="M:Meadow.Foundation.Leds.Apa102.#ctor(Meadow.Hardware.ISpiBus,System.Int32,System.Int32,Meadow.Foundation.Leds.Apa102.PixelOrder,Meadow.Hardware.IDigitalOutputPort)">
            <summary>
            Creates a new APA102 object
            </summary>
            <param name="spiBus">SPI bus</param>
            <param name="width">Width of led array</param>
            <param name="height">Height of led array</param>
            <param name="pixelOrder">Pixel color order</param>
            <param name="chipSelectPort">SPI chip select port (optional)</param>
        </member>
        <member name="M:Meadow.Foundation.Leds.Apa102.#ctor(Meadow.Hardware.ISpiBus,Meadow.Hardware.IPin,System.Int32,System.Int32,Meadow.Foundation.Leds.Apa102.PixelOrder)">
            <summary>
            Creates a new APA102 object
            </summary>
            <param name="spiBus">SPI bus</param>
            <param name="chipSelectPin">Chip select pin</param>
            <param name="width">Width of led array</param>
            <param name="height">Height of led array</param>
            <param name="pixelOrder">Pixel color order</param>
        </member>
        <member name="M:Meadow.Foundation.Leds.Apa102.DrawPixel(System.Int32,System.Int32,Meadow.Color)">
            <summary>
            Draw pixel at location
            </summary>
            <param name="x">x position of pixel</param>
            <param name="y">y position of pixel</param>
            <param name="color">color of pixel</param>
        </member>
        <member name="M:Meadow.Foundation.Leds.Apa102.DrawPixel(System.Int32,System.Int32,System.Boolean)">
            <summary>
            Draw pixel at a location
            Primarily used for monochrome displays, prefer overload that accepts a Color
            </summary>
            <param name="x">x position of pixel</param>
            <param name="y">y position of pixel</param>
            <param name="enabled">if true draw white, if false draw black</param>
        </member>
        <member name="M:Meadow.Foundation.Leds.Apa102.InvertPixel(System.Int32,System.Int32)">
            <summary>
            Invert pixel at location
            </summary>
            <param name="x">x position of pixel</param>
            <param name="y">y position of pixel</param>
        </member>
        <member name="M:Meadow.Foundation.Leds.Apa102.Fill(Meadow.Color,System.Boolean)">
            <summary>
            Fill the entire display buffer with a color
            </summary>
            <param name="clearColor">color to fill</param>
            <param name="updateDisplay">update after fill</param>
        </member>
        <member name="M:Meadow.Foundation.Leds.Apa102.Fill(System.Int32,System.Int32,System.Int32,System.Int32,Meadow.Color)">
            <summary>
            Fill a color in the specified region
            </summary>
            <param name="x">x position</param>
            <param name="y">y position</param>
            <param name="width">width to fill</param>
            <param name="height">height to fill</param>
            <param name="fillColor">color to fill</param>
        </member>
        <member name="M:Meadow.Foundation.Leds.Apa102.WriteBuffer(System.Int32,System.Int32,Meadow.Peripherals.Displays.IPixelBuffer)">
            <summary>
            Draw a buffer at the specified location
            </summary>
            <param name="x">x position</param>
            <param name="y">y position</param>
            <param name="displayBuffer">buffer to draw</param>
        </member>
        <member name="T:Meadow.Foundation.Leds.Apa102.PixelOrder">
            <summary>
            Pixel order for APA102 light strip
            </summary>
        </member>
        <member name="F:Meadow.Foundation.Leds.Apa102.PixelOrder.RGB">
            <summary>
            Red, Green, Blue
            </summary>
        </member>
        <member name="F:Meadow.Foundation.Leds.Apa102.PixelOrder.RBG">
            <summary>
            Red, Blue, Green
            </summary>
        </member>
        <member name="F:Meadow.Foundation.Leds.Apa102.PixelOrder.GRB">
            <summary>
            Green, Red, Blue
            </summary>
        </member>
        <member name="F:Meadow.Foundation.Leds.Apa102.PixelOrder.GBR">
            <summary>
            Green, Blue, Red
            </summary>
        </member>
        <member name="F:Meadow.Foundation.Leds.Apa102.PixelOrder.BRG">
            <summary>
            Blue, Red, Green
            </summary>
        </member>
        <member name="F:Meadow.Foundation.Leds.Apa102.PixelOrder.BGR">
            <summary>
            Blue, Green, Red
            </summary>
        </member>
        <member name="P:Meadow.Foundation.Leds.Apa102.BitDepth">
            <summary>
            The color bit depth of the display
            </summary>
        </member>
        <member name="P:Meadow.Foundation.Leds.Apa102.ByteCount">
            <summary>
            The size of the display buffer in bytes
            </summary>
        </member>
        <member name="P:Meadow.Foundation.Leds.Apa102.Buffer">
            <summary>
            The display buffer - not implemented for the Apa102 driver
            </summary>
        </member>
        <member name="M:Meadow.Foundation.Leds.Apa102.Fill(Meadow.Color)">
            <summary>
            Fill the display buffer with a color
            </summary>
            <param name="color">The fill color</param>
        </member>
        <member name="M:Meadow.Foundation.Leds.Apa102.GetPixel(System.Int32,System.Int32)">
            <summary>
            Get the color of a pixel for a given coordinate
            </summary>
            <param name="x">X position in pixels</param>
            <param name="y">Y position in pixels</param>
            <returns></returns>
        </member>
        <member name="M:Meadow.Foundation.Leds.Apa102.SetPixel(System.Int32,System.Int32,Meadow.Color)">
            <summary>
            Set the color of a pixel for a given coordinate
            </summary>
            <param name="x">X position in pixels</param>
            <param name="y">Y position in pixels</param>
            <param name="color">Color of pixel</param>
        </member>
        <member name="T:Meadow.Foundation.Leds.IApa102">
            <summary>
            APA102 abstraction
            </summary>
        </member>
        <member name="P:Meadow.Foundation.Leds.IApa102.Brightness">
            <summary>
            LED brightness
            </summary>
        </member>
        <member name="M:Meadow.Foundation.Leds.IApa102.SetLed(System.Int32,Meadow.Color)">
            <summary>
            Set the color of an led 
            </summary>
            <param name="index">Led index</param>
            <param name="color">Led color</param>
        </member>
        <member name="M:Meadow.Foundation.Leds.IApa102.SetLed(System.Int32,Meadow.Color,System.Single)">
            <summary>
            Set the color of an led 
            </summary>
            <param name="index">Led index</param>
            <param name="color">Led color</param>
            <param name="brightness">Led brightness (0-1)</param>
        </member>
        <member name="M:Meadow.Foundation.Leds.IApa102.SetLed(System.Int32,System.Byte[])">
            <summary>
            Set the color of an led
            </summary>
            <param name="index">Led index</param>
            <param name="rgb">red, green, blue byte array</param>
        </member>
        <member name="M:Meadow.Foundation.Leds.IApa102.SetLed(System.Int32,System.Byte[],System.Single)">
            <summary>
            Set the color of an led
            </summary>
            <param name="index">Led index</param>
            <param name="rgb">red, green, blue byte array</param>
            <param name="brightness">Led brightness (0-1)</param>
        </member>
        <member name="M:Meadow.Foundation.Leds.IApa102.Clear(System.Boolean)">
            <summary>
            Clear all leds in the off-screen buffer
            </summary>
            <param name="update">If true, update the led state</param>
        </member>
        <member name="M:Meadow.Foundation.Leds.IApa102.Show">
            <summary>
            Update from the off-screen buffer
            </summary>
        </member>
        <member name="T:Meadow.Foundation.Leds.SparkFunQwiicLEDStick">
            <summary>
            Represents a SparkFunQwiicLEDStick that uses APA102 leds
            </summary>
        </member>
        <member name="P:Meadow.Foundation.Leds.SparkFunQwiicLEDStick.AutoWrite">
            <summary>
            Enable or disable autowrite to update the LEDs as they're set
            </summary>
        </member>
        <member name="M:Meadow.Foundation.Leds.SparkFunQwiicLEDStick.#ctor(Meadow.Hardware.II2cBus,System.Byte)">
            <summary>
            Creates a new SparkFunQwiicLEDStick object
            </summary>
            <param name="i2cbus">The I2C bus</param>
            <param name="address">The I2C address</param>
        </member>
        <member name="P:Meadow.Foundation.Leds.SparkFunQwiicLEDStick.Brightness">
            <summary>
            The led brightness (0-1)
            </summary>
        </member>
        <member name="M:Meadow.Foundation.Leds.SparkFunQwiicLEDStick.All(Meadow.Color,System.Single)">
            <summary>
            Sets all LEDs to a given color
            </summary>
            <param name="color">The led color</param>
            <param name="brightness">The led brightness (0-1)</param>
        </member>
        <member name="M:Meadow.Foundation.Leds.SparkFunQwiicLEDStick.SetLed(System.Int32,Meadow.Color)">
            <summary>
            Set the color of the specified LED
            </summary>
            <param name="index">Index of the LED to change</param>
            <param name="color">The color</param>
        </member>
        <member name="M:Meadow.Foundation.Leds.SparkFunQwiicLEDStick.SetLed(System.Int32,Meadow.Color,System.Single)">
            <summary>
            Set the color of the specified LED
            </summary>
            <param name="index">Index of the LED to change</param>
            <param name="color">The color</param>
            <param name="brightness">The brightness 0.0 - 1.0f</param>
        </member>
        <member name="M:Meadow.Foundation.Leds.SparkFunQwiicLEDStick.SetLed(System.Int32,System.Byte[])">
            <summary>
            Set the color of the specified LED
            </summary>
            <param name="index">Index of the LED to change</param>
            <param name="rgb">Byte array representing the color RGB values. byte[0] = Red, byte[1] = Green, byte[2] = Blue</param>
        </member>
        <member name="M:Meadow.Foundation.Leds.SparkFunQwiicLEDStick.SetLed(System.Int32,System.Byte[],System.Single)">
            <summary>
            Set the color of the specified LED
            </summary>
            <param name="index">Index of the LED to change</param>
            <param name="rgb">Byte array representing the color RGB values. byte[0] = Red, byte[1] = Green, byte[2] = Blue</param>
            <param name="brightness">The brightness 0.0 - 1.0f</param>
        </member>
        <member name="M:Meadow.Foundation.Leds.SparkFunQwiicLEDStick.Show">
            <summary>
            Transmit the changes to the LEDs 
            </summary>
        </member>
        <member name="M:Meadow.Foundation.Leds.SparkFunQwiicLEDStick.Clear(System.Boolean)">
            <summary>
            Turn off all the Leds
            </summary>
        </member>
        <member name="T:Meadow.Foundation.Leds.SparkFunQwiicLEDStick.Addresses">
            <summary>
            Valid I2C addresses for the sensor
            </summary>
        </member>
        <member name="F:Meadow.Foundation.Leds.SparkFunQwiicLEDStick.Addresses.Address_0x22">
            <summary>
            Bus address 0x22
            </summary>
        </member>
        <member name="F:Meadow.Foundation.Leds.SparkFunQwiicLEDStick.Addresses.Address_0x23">
            <summary>
            Bus address 0x23
            </summary>
        </member>
        <member name="F:Meadow.Foundation.Leds.SparkFunQwiicLEDStick.Addresses.Default">
            <summary>
            Default bus address
            </summary>
        </member>
    </members>
</doc>
