<?xml version="1.0"?>
<doc>
    <assembly>
        <name>As1115</name>
    </assembly>
    <members>
        <member name="T:Meadow.Foundation.ICs.IOExpanders.As1115">
            <summary>
            Represents an As1115 led driver and key scanner
            </summary>
        </member>
        <member name="E:Meadow.Foundation.ICs.IOExpanders.As1115.KeyScanPressStarted">
            <summary>
            Event raised when any key scan button is pressed
            </summary>
        </member>
        <member name="E:Meadow.Foundation.ICs.IOExpanders.As1115.KeyScanPressEnded">
            <summary>
            Event raised when any key scan button is released
            </summary>
        </member>
        <member name="P:Meadow.Foundation.ICs.IOExpanders.As1115.KeyScanButtons">
            <summary>
            Readonly collection that contains all 16 key scan button objects
            </summary>
        </member>
        <member name="M:Meadow.Foundation.ICs.IOExpanders.As1115.GetButton(Meadow.Foundation.ICs.IOExpanders.As1115.KeyScanButtonType)">
            <summary>
            Helper method to get IButton object references for keyscan buttons
            </summary>
            <param name="buttonType">The button type</param>
            <returns>The button object reference</returns>
        </member>
        <member name="F:Meadow.Foundation.ICs.IOExpanders.As1115.lastButtonPressed">
            <summary>
            Last button pressed, used internally to raise key up events
            </summary>
        </member>
        <member name="F:Meadow.Foundation.ICs.IOExpanders.As1115.i2cComms">
            <summary>
            I2C Communication bus used to communicate with the peripheral
            </summary>
        </member>
        <member name="P:Meadow.Foundation.ICs.IOExpanders.As1115.DefaultI2cAddress">
            <summary>
            The default I2C address for the peripheral
            </summary>
        </member>
        <member name="P:Meadow.Foundation.ICs.IOExpanders.As1115.ColorMode">
            <inheritdoc/>
        </member>
        <member name="P:Meadow.Foundation.ICs.IOExpanders.As1115.SupportedColorModes">
            <inheritdoc/>
        </member>
        <member name="P:Meadow.Foundation.ICs.IOExpanders.As1115.Width">
            <inheritdoc/>
        </member>
        <member name="P:Meadow.Foundation.ICs.IOExpanders.As1115.Height">
            <inheritdoc/>
        </member>
        <member name="P:Meadow.Foundation.ICs.IOExpanders.As1115.PixelBuffer">
            <inheritdoc/>
        </member>
        <member name="F:Meadow.Foundation.ICs.IOExpanders.As1115.buffer">
            <summary>
            The buffer used to store pixel data
            </summary>
        </member>
        <member name="P:Meadow.Foundation.ICs.IOExpanders.As1115.DecodeMode">
            <summary>
            The display decode mode 
            BCD character / Hex character / Pixel
            </summary>
        </member>
        <member name="P:Meadow.Foundation.ICs.IOExpanders.As1115.IsDisposed">
            <summary>
            Is the peripheral disposed
            </summary>
        </member>
        <member name="M:Meadow.Foundation.ICs.IOExpanders.As1115.#ctor(Meadow.Hardware.II2cBus,Meadow.Hardware.IPin,System.Byte)">
            <summary>
            Create a new AS1115 object using the default parameters for
            </summary>
            <param name="i2cBus">I2cBus connected to display</param>
            <param name="buttonInterruptPin">Interrupt pin</param>
            <param name="address">Address of the bus on the I2C display.</param>
        </member>
        <member name="M:Meadow.Foundation.ICs.IOExpanders.As1115.EnableBlink(System.Boolean,System.Boolean)">
            <summary>
            Enable or disable display blinking
            </summary>
            <param name="isEnabled">Display will blink if true</param>
            <param name="fastBlink">True for fast blink (period of 1s), False for slow blink (period of 2s)</param>
        </member>
        <member name="M:Meadow.Foundation.ICs.IOExpanders.As1115.SetDecodeMode(Meadow.Foundation.ICs.IOExpanders.As1115.DecodeType)">
            <summary>
            Set the display decode mode
            Hexadecimal for matrix leds, or character for 7-segment displays
            </summary>
            <param name="mode">The decode mode enum</param>
            Not currently supported - driver is pixel mode only
        </member>
        <member name="M:Meadow.Foundation.ICs.IOExpanders.As1115.SetNumber(System.Int32)">
            <summary>
            Set number to display (left aligned)
            </summary>
            <param name="value">the number to display</param>
            <exception cref="T:System.ArgumentOutOfRangeException"></exception>
        </member>
        <member name="M:Meadow.Foundation.ICs.IOExpanders.As1115.SetCharacter(Meadow.Foundation.ICs.IOExpanders.As1115.BcdCharacterType,System.Int32,System.Boolean)">
            <summary>
            Set a single character
            </summary>
            <param name="character">the character to display</param>
            <param name="digit">the digit index starting from the left</param>
            <param name="showDecimal">show the decimal with the character</param>
        </member>
        <member name="M:Meadow.Foundation.ICs.IOExpanders.As1115.SetCharacter(Meadow.Foundation.ICs.IOExpanders.As1115.HexCharacterType,System.Int32,System.Boolean)">
            <summary>
            Set a single character
            </summary>
            <param name="character">the character to display</param>
            <param name="digit">the digit index starting from the left</param>
            <param name="showDecimal">show the decimal with the character</param>
        </member>
        <member name="M:Meadow.Foundation.ICs.IOExpanders.As1115.SetIntensity(System.Byte)">
            <summary>
            Set display intensity (0-15)
            </summary>
            <param name="intensity">Intensity from 0-15 (clamps above 15)</param>
        </member>
        <member name="M:Meadow.Foundation.ICs.IOExpanders.As1115.TestMode(System.Boolean)">
            <summary>
            Enable/disable test mode
            </summary>
            <param name="testOn">True to enable, false to disable</param>
        </member>
        <member name="M:Meadow.Foundation.ICs.IOExpanders.As1115.Show">
            <summary>
            Update the display
            </summary>
        </member>
        <member name="M:Meadow.Foundation.ICs.IOExpanders.As1115.Show(System.Int32,System.Int32,System.Int32,System.Int32)">
            <summary>
            Update the display from the display buffer
            </summary>
            <param name="left"></param>
            <param name="top"></param>
            <param name="right"></param>
            <param name="bottom"></param>
        </member>
        <member name="M:Meadow.Foundation.ICs.IOExpanders.As1115.Clear(System.Boolean)">
            <summary>
            Clear the display buffer
            </summary>
            <param name="updateDisplay">If true, update the display</param>
        </member>
        <member name="M:Meadow.Foundation.ICs.IOExpanders.As1115.Fill(Meadow.Color,System.Boolean)">
            <summary>
            Fill the display buffer with a color
            Black will clear the display, any other color will turn on all leds
            </summary>
            <param name="fillColor">The color to fill</param>
            <param name="updateDisplay">Update the display</param>
        </member>
        <member name="M:Meadow.Foundation.ICs.IOExpanders.As1115.Fill(System.Int32,System.Int32,System.Int32,System.Int32,Meadow.Color)">
            <summary>
            Fill a region of the display buffer with a color
            Black will clear the display, any other color will turn on all leds
            </summary>
            <param name="x">X position in pixels</param>
            <param name="y">Y position in pixels</param>
            <param name="width">Width in pixels</param>
            <param name="height">Height in pixels</param>
            <param name="fillColor">Color to fill - Black will turn pixels off, any color will turn pixels on</param>
        </member>
        <member name="M:Meadow.Foundation.ICs.IOExpanders.As1115.DrawPixel(System.Int32,System.Int32,Meadow.Color)">
            <summary>
            Draw a pixel at a given location
            </summary>
            <param name="x">X position in pixels</param>
            <param name="y">Y position in pixels</param>
            <param name="color">Color to draw - Black will turn pixels off, any color will turn pixels on</param>
        </member>
        <member name="M:Meadow.Foundation.ICs.IOExpanders.As1115.DrawPixel(System.Int32,System.Int32,System.Boolean)">
            <summary>
            Draw a pixel at a given location
            </summary>
            <param name="x">X position in pixels</param>
            <param name="y">Y position in pixels</param>
            <param name="enabled">If true, turn led on at location</param>
        </member>
        <member name="M:Meadow.Foundation.ICs.IOExpanders.As1115.InvertPixel(System.Int32,System.Int32)">
            <summary>
            Invert pixel at location (switch on/off)
            </summary>
            <param name="x">X position in pixels</param>
            <param name="y">Y position in pixels</param>
        </member>
        <member name="M:Meadow.Foundation.ICs.IOExpanders.As1115.WriteBuffer(System.Int32,System.Int32,Meadow.Peripherals.Displays.IPixelBuffer)">
            <summary>
            Write a pixel buffer to the display buffer
            </summary>
            <param name="x">X position in pixels</param>
            <param name="y">Y position in pixels</param>
            <param name="displayBuffer">Display buffer to write</param>
        </member>
        <member name="M:Meadow.Foundation.ICs.IOExpanders.As1115.Dispose(System.Boolean)">
            <summary>
            Dispose of the object
            </summary>
            <param name="disposing">Is disposing</param>
        </member>
        <member name="M:Meadow.Foundation.ICs.IOExpanders.As1115.Dispose">
            <inheritdoc/>
        </member>
        <member name="T:Meadow.Foundation.ICs.IOExpanders.As1115.Addresses">
            <summary>
            Valid I2C addresses for the sensor
            </summary>
        </member>
        <member name="F:Meadow.Foundation.ICs.IOExpanders.As1115.Addresses.Address_0x00">
            <summary>
            Bus address 0x00
            </summary>
        </member>
        <member name="F:Meadow.Foundation.ICs.IOExpanders.As1115.Addresses.Default">
            <summary>
            Default bus address
            </summary>
        </member>
        <member name="T:Meadow.Foundation.ICs.IOExpanders.As1115.DecodeType">
            <summary>
            The decode mode used for displaying pixels or characters
            </summary>
        </member>
        <member name="F:Meadow.Foundation.ICs.IOExpanders.As1115.DecodeType.Hexidecimal">
            <summary>
            Hexadecimal character encoding  for 7-segment displays
            characters 0 to 9, E, H, L, P, and -
            </summary>
        </member>
        <member name="F:Meadow.Foundation.ICs.IOExpanders.As1115.DecodeType.BCD">
            <summary>
            BCD character encoding for 7-segment displays
             characters 0 to 9 and A to F
            </summary>
        </member>
        <member name="F:Meadow.Foundation.ICs.IOExpanders.As1115.DecodeType.Pixel">
            <summary>
            Direct pixel mapping for 8x8 matrix displays (default)
            </summary>
        </member>
        <member name="T:Meadow.Foundation.ICs.IOExpanders.As1115.KeyScanButtonType">
            <summary>
            Key scan buttons
            </summary>
        </member>
        <member name="F:Meadow.Foundation.ICs.IOExpanders.As1115.KeyScanButtonType.Button1">
            <summary>
            Button 1 
            Key A: 127, Key B: 255
            </summary>
        </member>
        <member name="F:Meadow.Foundation.ICs.IOExpanders.As1115.KeyScanButtonType.Button2">
            <summary>
            Button 2
            Key A: 191, Key B: 255
            </summary>
        </member>
        <member name="F:Meadow.Foundation.ICs.IOExpanders.As1115.KeyScanButtonType.Button3">
            <summary>
            Button 3
            Key A: 223, Key B: 255
            </summary>
        </member>
        <member name="F:Meadow.Foundation.ICs.IOExpanders.As1115.KeyScanButtonType.Button4">
            <summary>
            Button 4
            Key A: 239, Key B: 255
            </summary>
        </member>
        <member name="F:Meadow.Foundation.ICs.IOExpanders.As1115.KeyScanButtonType.Button5">
            <summary>
            Button 5
            Key A: 247, Key B: 255
            </summary>
        </member>
        <member name="F:Meadow.Foundation.ICs.IOExpanders.As1115.KeyScanButtonType.Button6">
            <summary>
            Button 6
            Key A: 251, Key B: 255
            </summary>
        </member>
        <member name="F:Meadow.Foundation.ICs.IOExpanders.As1115.KeyScanButtonType.Button7">
            <summary>
            Button 7
            Key A: 253, Key B: 255
            </summary>
        </member>
        <member name="F:Meadow.Foundation.ICs.IOExpanders.As1115.KeyScanButtonType.Button8">
            <summary>
            Button 8
            Key A: 254, Key B: 255
            </summary>
        </member>
        <member name="F:Meadow.Foundation.ICs.IOExpanders.As1115.KeyScanButtonType.Button9">
            <summary>
            Button 9
            Key A: 255, Key B: 127
            </summary>
        </member>
        <member name="F:Meadow.Foundation.ICs.IOExpanders.As1115.KeyScanButtonType.Button10">
            <summary>
            Button 10
            Key A: 255, Key B: 191
            </summary>
        </member>
        <member name="F:Meadow.Foundation.ICs.IOExpanders.As1115.KeyScanButtonType.Button11">
            <summary>
            Button 11
            Key A: 255, Key B: 223
            </summary>
        </member>
        <member name="F:Meadow.Foundation.ICs.IOExpanders.As1115.KeyScanButtonType.Button12">
            <summary>
            Button 11
            Key A: 255, Key B: 239
            </summary>
        </member>
        <member name="F:Meadow.Foundation.ICs.IOExpanders.As1115.KeyScanButtonType.Button13">
            <summary>
            Button 12
            Key A: 255, Key B: 247
            </summary>
        </member>
        <member name="F:Meadow.Foundation.ICs.IOExpanders.As1115.KeyScanButtonType.Button14">
            <summary>
            Button 13
            Key A: 255, Key B: 251
            </summary>
        </member>
        <member name="F:Meadow.Foundation.ICs.IOExpanders.As1115.KeyScanButtonType.Button15">
            <summary>
            Button 15
            Key A: 255, Key B: 253
            </summary>
        </member>
        <member name="F:Meadow.Foundation.ICs.IOExpanders.As1115.KeyScanButtonType.Button16">
            <summary>
            Button 16
            Key A: 255, Key B: 254
            </summary>
        </member>
        <member name="F:Meadow.Foundation.ICs.IOExpanders.As1115.KeyScanButtonType.None">
            <summary>
            No button pressed or selected
            </summary>
        </member>
        <member name="T:Meadow.Foundation.ICs.IOExpanders.As1115.BcdCharacterType">
            <summary>
            BCD Character type
            </summary>
        </member>
        <member name="F:Meadow.Foundation.ICs.IOExpanders.As1115.BcdCharacterType._0">
            <summary>
            Zero (0)
            </summary>
        </member>
        <member name="F:Meadow.Foundation.ICs.IOExpanders.As1115.BcdCharacterType._1">
            <summary>
            One (1) 
            </summary>
        </member>
        <member name="F:Meadow.Foundation.ICs.IOExpanders.As1115.BcdCharacterType._2">
            <summary>
            Two (2)
            </summary>
        </member>
        <member name="F:Meadow.Foundation.ICs.IOExpanders.As1115.BcdCharacterType._3">
            <summary>
            Three (3)
            </summary>
        </member>
        <member name="F:Meadow.Foundation.ICs.IOExpanders.As1115.BcdCharacterType._4">
            <summary>
            Four (4)
            </summary>
        </member>
        <member name="F:Meadow.Foundation.ICs.IOExpanders.As1115.BcdCharacterType._5">
            <summary>
            Five (5)
            </summary>
        </member>
        <member name="F:Meadow.Foundation.ICs.IOExpanders.As1115.BcdCharacterType._6">
            <summary>
            Six (6)
            </summary>
        </member>
        <member name="F:Meadow.Foundation.ICs.IOExpanders.As1115.BcdCharacterType._7">
            <summary>
            Seven (7)
            </summary>
        </member>
        <member name="F:Meadow.Foundation.ICs.IOExpanders.As1115.BcdCharacterType._8">
            <summary>
            Eight (8)
            </summary>
        </member>
        <member name="F:Meadow.Foundation.ICs.IOExpanders.As1115.BcdCharacterType._9">
            <summary>
            Nine (9)
            </summary>
        </member>
        <member name="F:Meadow.Foundation.ICs.IOExpanders.As1115.BcdCharacterType.Hyphen">
            <summary>
            Hyphen (-)
            </summary>
        </member>
        <member name="F:Meadow.Foundation.ICs.IOExpanders.As1115.BcdCharacterType.E">
            <summary>
            E
            </summary>
        </member>
        <member name="F:Meadow.Foundation.ICs.IOExpanders.As1115.BcdCharacterType.H">
            <summary>
            H
            </summary>
        </member>
        <member name="F:Meadow.Foundation.ICs.IOExpanders.As1115.BcdCharacterType.L">
            <summary>
            L
            </summary>
        </member>
        <member name="F:Meadow.Foundation.ICs.IOExpanders.As1115.BcdCharacterType.P">
            <summary>
            P
            </summary>
        </member>
        <member name="F:Meadow.Foundation.ICs.IOExpanders.As1115.BcdCharacterType.Blank">
            <summary>
            Space ( )
            </summary>
        </member>
        <member name="F:Meadow.Foundation.ICs.IOExpanders.As1115.BcdCharacterType.Count">
            <summary>
            Count of characters
            </summary>
        </member>
        <member name="T:Meadow.Foundation.ICs.IOExpanders.As1115.HexCharacterType">
            <summary>
            Hex Character type
            </summary>
        </member>
        <member name="F:Meadow.Foundation.ICs.IOExpanders.As1115.HexCharacterType._0">
            <summary>
            Zero (0)
            </summary>
        </member>
        <member name="F:Meadow.Foundation.ICs.IOExpanders.As1115.HexCharacterType._1">
            <summary>
            One (1) 
            </summary>
        </member>
        <member name="F:Meadow.Foundation.ICs.IOExpanders.As1115.HexCharacterType._2">
            <summary>
            Two (2)
            </summary>
        </member>
        <member name="F:Meadow.Foundation.ICs.IOExpanders.As1115.HexCharacterType._3">
            <summary>
            Three (3)
            </summary>
        </member>
        <member name="F:Meadow.Foundation.ICs.IOExpanders.As1115.HexCharacterType._4">
            <summary>
            Four (4)
            </summary>
        </member>
        <member name="F:Meadow.Foundation.ICs.IOExpanders.As1115.HexCharacterType._5">
            <summary>
            Five (5)
            </summary>
        </member>
        <member name="F:Meadow.Foundation.ICs.IOExpanders.As1115.HexCharacterType._6">
            <summary>
            Six (6)
            </summary>
        </member>
        <member name="F:Meadow.Foundation.ICs.IOExpanders.As1115.HexCharacterType._7">
            <summary>
            Seven (7)
            </summary>
        </member>
        <member name="F:Meadow.Foundation.ICs.IOExpanders.As1115.HexCharacterType._8">
            <summary>
            Eight (8)
            </summary>
        </member>
        <member name="F:Meadow.Foundation.ICs.IOExpanders.As1115.HexCharacterType._9">
            <summary>
            Nine (9)
            </summary>
        </member>
        <member name="F:Meadow.Foundation.ICs.IOExpanders.As1115.HexCharacterType.A">
            <summary>
            A
            </summary>
        </member>
        <member name="F:Meadow.Foundation.ICs.IOExpanders.As1115.HexCharacterType.B">
            <summary>
            B
            </summary>
        </member>
        <member name="F:Meadow.Foundation.ICs.IOExpanders.As1115.HexCharacterType.C">
            <summary>
            C
            </summary>
        </member>
        <member name="F:Meadow.Foundation.ICs.IOExpanders.As1115.HexCharacterType.D">
            <summary>
            D
            </summary>
        </member>
        <member name="F:Meadow.Foundation.ICs.IOExpanders.As1115.HexCharacterType.E">
            <summary>
            E
            </summary>
        </member>
        <member name="F:Meadow.Foundation.ICs.IOExpanders.As1115.HexCharacterType.F">
            <summary>
            F
            </summary>
        </member>
        <member name="F:Meadow.Foundation.ICs.IOExpanders.As1115.HexCharacterType.Count">
            <summary>
            Count of characters
            </summary>
        </member>
        <member name="T:Meadow.Foundation.ICs.IOExpanders.KeyScanButton">
            <summary>
            Represents a AS1115 key scan button
            </summary>
        </member>
        <member name="P:Meadow.Foundation.ICs.IOExpanders.KeyScanButton.LongClickedThreshold">
            <summary>
            Get or set the long click threshold
            </summary>
        </member>
        <member name="P:Meadow.Foundation.ICs.IOExpanders.KeyScanButton.State">
            <summary>
            Get current button state
            </summary>
        </member>
        <member name="E:Meadow.Foundation.ICs.IOExpanders.KeyScanButton.PressStarted">
            <summary>
            Raised when a press starts (the button is pushed down)
            </summary>
        </member>
        <member name="E:Meadow.Foundation.ICs.IOExpanders.KeyScanButton.PressEnded">
            <summary>
            Raised when a press ends (the button is released)
            </summary>
        </member>
        <member name="E:Meadow.Foundation.ICs.IOExpanders.KeyScanButton.Clicked">
            <summary>
            Raised when the button circuit is re-opened after it has been closed (at the end of a press)
            </summary>
        </member>
        <member name="E:Meadow.Foundation.ICs.IOExpanders.KeyScanButton.LongClicked">
            <summary>
            Raised when the button circuit is pressed for LongPressDuration
            </summary>
        </member>
        <member name="F:Meadow.Foundation.ICs.IOExpanders.KeyScanButton.buttonPressStart">
            <summary>
            Maximum DateTime value when the button was just pushed
            </summary>
        </member>
        <member name="M:Meadow.Foundation.ICs.IOExpanders.KeyScanButton.Update(System.Boolean)">
            <summary>
            Update the button state
            true for pressed, false for released
            </summary>
            <param name="state"></param>
        </member>
        <member name="M:Meadow.Foundation.ICs.IOExpanders.KeyScanButton.RaiseClicked">
            <summary>
            Raised when the button circuit is re-opened after it has been closed (at the end of a �press�).
            </summary>
        </member>
        <member name="M:Meadow.Foundation.ICs.IOExpanders.KeyScanButton.RaisePressStarted">
            <summary>
            Raised when a press starts (the button is pushed down; circuit is closed).
            </summary>
        </member>
        <member name="M:Meadow.Foundation.ICs.IOExpanders.KeyScanButton.RaisePressEnded">
            <summary>
            Raised when a press ends (the button is released; circuit is opened).
            </summary>
        </member>
        <member name="M:Meadow.Foundation.ICs.IOExpanders.KeyScanButton.RaiseLongClicked">
            <summary>
            Raised when the button circuit is pressed for at least 500ms.
            </summary>
        </member>
        <member name="M:Meadow.Foundation.ICs.IOExpanders.KeyScanButton.Read">
            <summary>
            Convenience method to get the current sensor reading
            </summary>
        </member>
        <member name="T:Meadow.Foundation.ICs.IOExpanders.KeyScanEventArgs">
            <summary>
            The KeyScanEventArgs class
            </summary>
        </member>
        <member name="P:Meadow.Foundation.ICs.IOExpanders.KeyScanEventArgs.Button">
            <summary>
            The button for the event args
            </summary>
        </member>
        <member name="P:Meadow.Foundation.ICs.IOExpanders.KeyScanEventArgs.KeyA">
            <summary>
            KeyA value
            </summary>
        </member>
        <member name="P:Meadow.Foundation.ICs.IOExpanders.KeyScanEventArgs.KeyB">
            <summary>
            KeyB value
            </summary>
        </member>
        <member name="M:Meadow.Foundation.ICs.IOExpanders.KeyScanEventArgs.#ctor(Meadow.Foundation.ICs.IOExpanders.As1115.KeyScanButtonType,System.Byte,System.Byte)">
            <summary>
            Create a new KeyScanEventArgs object
            </summary>
            <param name="button">The button</param>
            <param name="keyA">KeyA value</param>
            <param name="keyB">KeyB value</param>
        </member>
    </members>
</doc>
