<?xml version="1.0"?>
<doc>
    <assembly>
        <name>Bh1750</name>
    </assembly>
    <members>
        <member name="T:Meadow.Foundation.Sensors.Light.Bh1750">
            <summary>
            Represents a BH1750 ambient light sensor
            </summary>
        </member>
        <member name="T:Meadow.Foundation.Sensors.Light.Bh1750.Addresses">
            <summary>
            Valid I2C addresses for the sensor
            </summary>
        </member>
        <member name="F:Meadow.Foundation.Sensors.Light.Bh1750.Addresses.Address_0x5C">
            <summary>
            Address of the peripheral when the address pin is pulled low
            </summary>
        </member>
        <member name="F:Meadow.Foundation.Sensors.Light.Bh1750.Addresses.Address_0x23">
            <summary>
            Address of the peripheral when the address pin is pulled high
            </summary>
        </member>
        <member name="F:Meadow.Foundation.Sensors.Light.Bh1750.Addresses.Default">
            <summary>
            Default bus address
            </summary>
        </member>
        <member name="P:Meadow.Foundation.Sensors.Light.Bh1750.LightTransmittance">
            <summary>
            BH1750 Light Transmittance (27.20-222.50%)
            </summary>
        </member>
        <member name="P:Meadow.Foundation.Sensors.Light.Bh1750.MeasuringMode">
            <summary>
            BH1750 Measuring Mode
            </summary>
        </member>
        <member name="P:Meadow.Foundation.Sensors.Light.Bh1750.Illuminance">
            <summary>
            The current illuminance read by the sensor
            </summary>
        </member>
        <member name="P:Meadow.Foundation.Sensors.Light.Bh1750.DefaultI2cAddress">
            <summary>
            The default I2C address for the peripheral
            </summary>
        </member>
        <member name="M:Meadow.Foundation.Sensors.Light.Bh1750.#ctor(Meadow.Hardware.II2cBus,System.Byte,Meadow.Foundation.Sensors.Light.Bh1750.MeasuringModes,System.Double)">
            <summary>
            Create a new BH1750 light sensor object using a static reference voltage.
            </summary>
        </member>
        <member name="M:Meadow.Foundation.Sensors.Light.Bh1750.ReadSensor">
            <summary>
            Read the current luminosity 
            </summary>
            <returns>The current Illuminance value</returns>
        </member>
        <member name="M:Meadow.Foundation.Sensors.Light.Bh1750.SetLightTransmittance(System.Double)">
            <summary>
            Set BH1750 Light Transmittance
            </summary>
            <param name="transmittance">Light Transmittance, from 27.20% to 222.50%</param>
        </member>
        <member name="T:Meadow.Foundation.Sensors.Light.Bh1750.MeasuringModes">
            <summary>
            The measuring mode of BH1750FVI
            </summary>
        </member>
        <member name="F:Meadow.Foundation.Sensors.Light.Bh1750.MeasuringModes.ContinuouslyHighResolutionMode">
            <summary>
            Start measurement at 1lx resolution
            Measurement Time is typically 120ms
            </summary>
        </member>
        <member name="F:Meadow.Foundation.Sensors.Light.Bh1750.MeasuringModes.ContinuouslyHighResolutionMode2">
            <summary>
            Start measurement at 0.5lx resolution
            Measurement Time is typically 120ms
            </summary>
        </member>
        <member name="F:Meadow.Foundation.Sensors.Light.Bh1750.MeasuringModes.ContinuouslyLowResolutionMode">
            <summary>
            Start measurement at 4lx resolution
            Measurement Time is typically 16ms
            </summary>
        </member>
        <member name="F:Meadow.Foundation.Sensors.Light.Bh1750.MeasuringModes.OneTimeHighResolutionMode">
            <summary>
            Start measurement at 1lx resolution once
            Measurement Time is typically 120ms
            Automatically set to power-down mode after measurement
            </summary>
        </member>
        <member name="F:Meadow.Foundation.Sensors.Light.Bh1750.MeasuringModes.OneTimeHighResolutionMode2">
            <summary>
            Start measurement at 0.5lx resolution once
            Measurement Time is typically 120ms
            It is automatically set to Power Down mode after measurement
            </summary>
        </member>
        <member name="F:Meadow.Foundation.Sensors.Light.Bh1750.MeasuringModes.OneTimeLowResolutionMode">
            <summary>
            Start measurement at 4lx resolution once
            Measurement Time is typically 16ms
            It is automatically set to Power Down mode after measurement
            </summary>
        </member>
    </members>
</doc>
