<?xml version="1.0"?>
<doc>
    <assembly>
        <name>Bme68x</name>
    </assembly>
    <members>
        <member name="T:Meadow.Foundation.Sensors.Atmospheric.Bme68x">
            <summary>
            Represents the Bosch BME68x Temperature, Pressure and Humidity Sensor
            </summary>
        </member>
        <member name="T:Meadow.Foundation.Sensors.Atmospheric.Bme68x.Configuration">
            <summary>
            The oversampling configuration for oversampling performed by the Bme68x
            </summary>
        </member>
        <member name="P:Meadow.Foundation.Sensors.Atmospheric.Bme68x.Configuration.TemperatureOversample">
            <summary>
            The temperature oversampling mode
            </summary>
        </member>
        <member name="P:Meadow.Foundation.Sensors.Atmospheric.Bme68x.Configuration.PressureOversample">
            <summary>
            The pressure oversampling mode
            </summary>
        </member>
        <member name="P:Meadow.Foundation.Sensors.Atmospheric.Bme68x.Configuration.HumidityOversample">
            <summary>
            The humidity oversampling mode
            </summary>
        </member>
        <member name="P:Meadow.Foundation.Sensors.Atmospheric.Bme68x.TemperatureOversampleMode">
            <summary>
            The temperature oversampling mode
            </summary>
        </member>
        <member name="P:Meadow.Foundation.Sensors.Atmospheric.Bme68x.PressureOversampleMode">
            <summary>
            The pressure oversampling mode
            </summary>
        </member>
        <member name="P:Meadow.Foundation.Sensors.Atmospheric.Bme68x.HumidityOversampleMode">
            <summary>
            The humidity oversampling mode
            </summary>
        </member>
        <member name="P:Meadow.Foundation.Sensors.Atmospheric.Bme68x.HeaterProfile">
            <summary>
            Gets / sets the heater profile to be used for measurements
            </summary>
        </member>
        <member name="P:Meadow.Foundation.Sensors.Atmospheric.Bme68x.FilterMode">
            <summary>
            Gets / sets the filtering mode to be used for measurements
            </summary>
        </member>
        <member name="P:Meadow.Foundation.Sensors.Atmospheric.Bme68x.HeaterIsEnabled">
            <summary>
            Enable / disable the sensor heater
            </summary>
        </member>
        <member name="P:Meadow.Foundation.Sensors.Atmospheric.Bme68x.GasConversionIsEnabled">
            <summary>
            Enable / disable gas conversions
            </summary>
        </member>
        <member name="P:Meadow.Foundation.Sensors.Atmospheric.Bme68x.DefaultSpiBusSpeed">
            <summary>
            The default SPI bus speed for the device
            </summary>
        </member>
        <member name="P:Meadow.Foundation.Sensors.Atmospheric.Bme68x.SpiBusSpeed">
            <summary>
            The SPI bus speed for the device
            </summary>
        </member>
        <member name="P:Meadow.Foundation.Sensors.Atmospheric.Bme68x.DefaultSpiBusMode">
            <summary>
            The default SPI bus mode for the device
            </summary>
        </member>
        <member name="P:Meadow.Foundation.Sensors.Atmospheric.Bme68x.SpiBusMode">
            <summary>
            The SPI bus mode for the device
            </summary>
        </member>
        <member name="P:Meadow.Foundation.Sensors.Atmospheric.Bme68x.DefaultI2cAddress">
            <summary>
            The default I2C address for the peripheral
            </summary>
        </member>
        <member name="F:Meadow.Foundation.Sensors.Atmospheric.Bme68x.busComms">
            <summary>
            Communication bus used to read and write to the BME68x sensor
            </summary>
        </member>
        <member name="P:Meadow.Foundation.Sensors.Atmospheric.Bme68x.Temperature">
            <summary>
            The current temperature
            </summary>
        </member>
        <member name="P:Meadow.Foundation.Sensors.Atmospheric.Bme68x.Pressure">
            <summary>
            The current pressure
            </summary>
        </member>
        <member name="P:Meadow.Foundation.Sensors.Atmospheric.Bme68x.Humidity">
            <summary>
            The current humidity, in percent relative humidity
            </summary>
        </member>
        <member name="P:Meadow.Foundation.Sensors.Atmospheric.Bme68x.GasResistance">
            <summary>
            The current gas resistance
            </summary>
        </member>
        <member name="P:Meadow.Foundation.Sensors.Atmospheric.Bme68x.IsDisposed">
            <summary>
            Is the object disposed
            </summary>
        </member>
        <member name="F:Meadow.Foundation.Sensors.Atmospheric.Bme68x.createdPort">
            <summary>
            Did we create the port(s) used by the peripheral
            </summary>
        </member>
        <member name="F:Meadow.Foundation.Sensors.Atmospheric.Bme68x.calibration">
            <summary>
            Calibration data for the sensor
            </summary>
        </member>
        <member name="M:Meadow.Foundation.Sensors.Atmospheric.Bme68x.#ctor(Meadow.Hardware.II2cBus,System.Byte)">
            <summary>
            Creates a new instance of the BME68x class
            </summary>
            <param name="i2cBus">I2C Bus to use for communicating with the sensor</param>
            <param name="address">I2C address</param>
        </member>
        <member name="M:Meadow.Foundation.Sensors.Atmospheric.Bme68x.#ctor(Meadow.Hardware.ISpiBus,Meadow.Hardware.IPin)">
            <summary>
            Creates a new instance of the BME68x class
            </summary>
            <param name="spiBus">The SPI bus connected to the device</param>
            <param name="chipSelectPin">The chip select pin</param>
        </member>
        <member name="M:Meadow.Foundation.Sensors.Atmospheric.Bme68x.#ctor(Meadow.Hardware.ISpiBus,Meadow.Hardware.IDigitalOutputPort,Meadow.Foundation.Sensors.Atmospheric.Bme68x.Configuration)">
            <summary>
            Creates a new instance of the BME68x class
            </summary>
            <param name="spiBus">The SPI bus connected to the device</param>
            <param name="chipSelectPort">The chip select pin</param>
            <param name="configuration">The BMP68x configuration (optional)</param>
        </member>
        <member name="M:Meadow.Foundation.Sensors.Atmospheric.Bme68x.Initialize">
            <summary>
            Initialize the sensor
            </summary>
        </member>
        <member name="M:Meadow.Foundation.Sensors.Atmospheric.Bme68x.Reset">
            <summary>
            Perform a complete power-on-reset
            </summary>
        </member>
        <member name="M:Meadow.Foundation.Sensors.Atmospheric.Bme68x.ConfigureHeatingProfile(Meadow.Foundation.Sensors.Atmospheric.Bme68x.HeaterProfileType,Meadow.Units.Temperature,System.TimeSpan,Meadow.Units.Temperature)">
            <summary>
            Configures a heater profile, making it ready for use.
            </summary>
            <param name="profile">The heater profile to configure</param>
            <param name="targetTemperature">The target temperature (0-400 C)</param>
            <param name="duration">The measurement duration (0-4032ms)</param>
            <param name="ambientTemperature">The ambient temperature</param>
        </member>
        <member name="M:Meadow.Foundation.Sensors.Atmospheric.Bme68x.GetPowerMode">
            <summary>
            Get the current power mode
            </summary>
            <returns>The power mode</returns>
        </member>
        <member name="M:Meadow.Foundation.Sensors.Atmospheric.Bme68x.SetPowerMode(Meadow.Foundation.Sensors.Atmospheric.Bme68x.PowerMode)">
            <summary>
            Sets the power mode to the given mode
            </summary>
            <param name="powerMode">The <see cref="T:Meadow.Foundation.Sensors.Atmospheric.Bme68x.PowerMode"/> to set.</param>
        </member>
        <member name="M:Meadow.Foundation.Sensors.Atmospheric.Bme68x.GetMeasurementDuration(Meadow.Foundation.Sensors.Atmospheric.Bme68x.HeaterProfileType)">
            <summary>
            Gets the required time in to perform a measurement. The duration of the gas
            measurement is not considered if <see cref="P:Meadow.Foundation.Sensors.Atmospheric.Bme68x.GasConversionIsEnabled"/> is set to false
            or the chosen <see cref="P:Meadow.Foundation.Sensors.Atmospheric.Bme68x.HeaterProfile"/> is not configured.
            The precision of this duration is within 1ms of the actual measurement time.
            </summary>
            <param name="profile">The used <see cref="P:Meadow.Foundation.Sensors.Atmospheric.Bme68x.HeaterProfile"/>. </param>
            <returns></returns>
        </member>
        <member name="M:Meadow.Foundation.Sensors.Atmospheric.Bme68x.RaiseEventsAndNotify(Meadow.IChangeResult{System.ValueTuple{System.Nullable{Meadow.Units.Temperature},System.Nullable{Meadow.Units.RelativeHumidity},System.Nullable{Meadow.Units.Pressure},System.Nullable{Meadow.Units.Resistance}}})">
            <summary>
            Raise events for subscribers and notify of value changes
            </summary>
            <param name="changeResult">The updated sensor data</param>
        </member>
        <member name="M:Meadow.Foundation.Sensors.Atmospheric.Bme68x.ReadSensor">
            <summary>
            Reads data from the sensor
            </summary>
            <returns>The latest sensor reading</returns>
        </member>
        <member name="M:Meadow.Foundation.Sensors.Atmospheric.Bme68x.CompensateTemperature(System.Int32)">
            <summary>
            Compensates the temperature
            </summary>
            <param name="rawTemperature">The temperature value read from the device</param>
            <returns>The temperature</returns>
        </member>
        <member name="M:Meadow.Foundation.Sensors.Atmospheric.Bme68x.CompensatePressure(System.Int64)">
            <summary>
            Compensates the pressure.
            </summary>
            <param name="adcPressure">The pressure value read from the device.</param>
            <returns>The measured pressure.</returns>
        </member>
        <member name="M:Meadow.Foundation.Sensors.Atmospheric.Bme68x.CompensateHumidity(System.Int32)">
            <summary>
            Compensates the humidity.
            </summary>
            <param name="adcHumidity">The humidity value read from the device.</param>
            <returns>The percentage relative humidity.</returns>
        </member>
        <member name="M:Meadow.Foundation.Sensors.Atmospheric.Bme68x.Dispose">
            <inheritdoc/>
        </member>
        <member name="M:Meadow.Foundation.Sensors.Atmospheric.Bme68x.Dispose(System.Boolean)">
            <summary>
            Dispose of the object
            </summary>
            <param name="disposing">Is disposing</param>
        </member>
        <member name="M:Meadow.Foundation.Sensors.Atmospheric.Bme68x.BeforeSleep(System.Threading.CancellationToken)">
            <inheritdoc/>
        </member>
        <member name="M:Meadow.Foundation.Sensors.Atmospheric.Bme68x.AfterWake(System.Threading.CancellationToken)">
            <inheritdoc/>
        </member>
        <member name="T:Meadow.Foundation.Sensors.Atmospheric.Bme68x.Addresses">
            <summary>
            Valid I2C addresses for the sensor
            </summary>
        </member>
        <member name="F:Meadow.Foundation.Sensors.Atmospheric.Bme68x.Addresses.Address_0x77">
            <summary>
            Bus address 0x77
            </summary>
        </member>
        <member name="F:Meadow.Foundation.Sensors.Atmospheric.Bme68x.Addresses.Address_0x76">
            <summary>
            Bus address 0x76
            </summary>
        </member>
        <member name="F:Meadow.Foundation.Sensors.Atmospheric.Bme68x.Addresses.Default">
            <summary>
            Default bus address
            </summary>
        </member>
        <member name="T:Meadow.Foundation.Sensors.Atmospheric.Bme68x.HeaterProfileType">
            <summary>
            bbME68X heater profiles
            </summary>
        </member>
        <member name="F:Meadow.Foundation.Sensors.Atmospheric.Bme68x.HeaterProfileType.Profile1">
            <summary>
            Heating Profile 1
            </summary>
        </member>
        <member name="F:Meadow.Foundation.Sensors.Atmospheric.Bme68x.HeaterProfileType.Profile2">
            <summary>
            Heating Profile 2
            </summary>
        </member>
        <member name="F:Meadow.Foundation.Sensors.Atmospheric.Bme68x.HeaterProfileType.Profile3">
            <summary>
            Heating Profile 3
            </summary>
        </member>
        <member name="F:Meadow.Foundation.Sensors.Atmospheric.Bme68x.HeaterProfileType.Profile4">
            <summary>
            Heating Profile 4
            </summary>
        </member>
        <member name="F:Meadow.Foundation.Sensors.Atmospheric.Bme68x.HeaterProfileType.Profile5">
            <summary>
            Heating Profile 5
            </summary>
        </member>
        <member name="F:Meadow.Foundation.Sensors.Atmospheric.Bme68x.HeaterProfileType.Profile6">
            <summary>
            Heating Profile 6
            </summary>
        </member>
        <member name="F:Meadow.Foundation.Sensors.Atmospheric.Bme68x.HeaterProfileType.Profile7">
            <summary>
            Heating Profile 7
            </summary>
        </member>
        <member name="F:Meadow.Foundation.Sensors.Atmospheric.Bme68x.HeaterProfileType.Profile8">
            <summary>
            Heating Profile 8
            </summary>
        </member>
        <member name="F:Meadow.Foundation.Sensors.Atmospheric.Bme68x.HeaterProfileType.Profile9">
            <summary>
            Heating Profile 9
            </summary>
        </member>
        <member name="F:Meadow.Foundation.Sensors.Atmospheric.Bme68x.HeaterProfileType.Profile10">
            <summary>
            Heating Profile 10
            </summary>
        </member>
        <member name="T:Meadow.Foundation.Sensors.Atmospheric.Bme68x.PowerMode">
            <summary>
            BMP680s power modes
            </summary>
        </member>
        <member name="F:Meadow.Foundation.Sensors.Atmospheric.Bme68x.PowerMode.Sleep">
            <summary>
            Power saving mode, no measurements are performed
            </summary>
        </member>
        <member name="F:Meadow.Foundation.Sensors.Atmospheric.Bme68x.PowerMode.Forced">
            <summary>
            Device goes to sleep mode after one measurement
            </summary>
        </member>
        <member name="T:Meadow.Foundation.Sensors.Atmospheric.Bme68x.FilteringMode">
            <summary>
            IIR filter coefficient
            The higher the coefficient, the slower the sensors respond
            </summary>
        </member>
        <member name="F:Meadow.Foundation.Sensors.Atmospheric.Bme68x.FilteringMode.C0">
            <summary>
            Filter coefficient of 0
            </summary>
        </member>
        <member name="F:Meadow.Foundation.Sensors.Atmospheric.Bme68x.FilteringMode.C1">
            <summary>
            Filter coefficient of 1
            </summary>
        </member>
        <member name="F:Meadow.Foundation.Sensors.Atmospheric.Bme68x.FilteringMode.C3">
            <summary>
            Filter coefficient of 3
            </summary>
        </member>
        <member name="F:Meadow.Foundation.Sensors.Atmospheric.Bme68x.FilteringMode.C7">
            <summary>
            Filter coefficient of 7
            </summary>
        </member>
        <member name="F:Meadow.Foundation.Sensors.Atmospheric.Bme68x.FilteringMode.C15">
            <summary>
            Filter coefficient of 15
            </summary>
        </member>
        <member name="F:Meadow.Foundation.Sensors.Atmospheric.Bme68x.FilteringMode.C31">
            <summary>
            Filter coefficient of 31
            </summary>
        </member>
        <member name="F:Meadow.Foundation.Sensors.Atmospheric.Bme68x.FilteringMode.C63">
            <summary>
            Filter coefficient of 63
            </summary>
        </member>
        <member name="F:Meadow.Foundation.Sensors.Atmospheric.Bme68x.FilteringMode.C127">
            <summary>
            Filter coefficient of 127
            </summary>
        </member>
        <member name="T:Meadow.Foundation.Sensors.Atmospheric.Bme68x.HeaterProfileConfiguration">
            <summary>
            The heater profile configuration saved on the device.
            </summary>
        </member>
        <member name="P:Meadow.Foundation.Sensors.Atmospheric.Bme68x.HeaterProfileConfiguration.HeaterProfile">
            <summary>
            The chosen heater profile slot, ranging from 0-9
            </summary>
        </member>
        <member name="P:Meadow.Foundation.Sensors.Atmospheric.Bme68x.HeaterProfileConfiguration.HeaterResistance">
            <summary>
            The heater resistance.
            </summary>
        </member>
        <member name="P:Meadow.Foundation.Sensors.Atmospheric.Bme68x.HeaterProfileConfiguration.HeaterDuration">
            <summary>
            The heater duration in the internally used format
            </summary>
        </member>
        <member name="M:Meadow.Foundation.Sensors.Atmospheric.Bme68x.HeaterProfileConfiguration.#ctor(Meadow.Foundation.Sensors.Atmospheric.Bme68x.HeaterProfileType,System.UInt16,System.TimeSpan)">
            <summary>
            Creates a heater profile configuration object
            </summary>
            <param name="profile">The heater profile</param>
            <param name="heaterResistance">The heater resistance (Ohms)</param>
            <param name="heaterDuration">The heating duration</param>
        </member>
        <member name="T:Meadow.Foundation.Sensors.Atmospheric.Bme68x.Oversample">
            <summary>
            Valid oversampling values
            </summary>
            <remarks>
            000 - Data output set to 0x8000
            001 - Oversampling x1
            010 - Oversampling x2
            011 - Oversampling x4
            100 - Oversampling x8
            101, 110, 111 - Oversampling x16
            </remarks>
        </member>
        <member name="F:Meadow.Foundation.Sensors.Atmospheric.Bme68x.Oversample.Skip">
            <summary>
            No oversampling
            </summary>
        </member>
        <member name="F:Meadow.Foundation.Sensors.Atmospheric.Bme68x.Oversample.OversampleX1">
            <summary>
            Oversampling x1
            </summary>
        </member>
        <member name="F:Meadow.Foundation.Sensors.Atmospheric.Bme68x.Oversample.OversampleX2">
            <summary>
            Oversampling xw
            </summary>
        </member>
        <member name="F:Meadow.Foundation.Sensors.Atmospheric.Bme68x.Oversample.OversampleX4">
            <summary>
            Oversampling x4
            </summary>
        </member>
        <member name="F:Meadow.Foundation.Sensors.Atmospheric.Bme68x.Oversample.OversampleX8">
            <summary>
            Oversampling x8
            </summary>
        </member>
        <member name="F:Meadow.Foundation.Sensors.Atmospheric.Bme68x.Oversample.OversampleX16">
            <summary>
            Oversampling x16
            </summary>
        </member>
        <member name="T:Meadow.Foundation.Sensors.Atmospheric.Bme68x.Registers">
            <summary>
            Control registers for the BME68x
            </summary>
        </member>
        <member name="T:Meadow.Foundation.Sensors.Atmospheric.Bme68xSpiCommunications.SpiRegisterPage">
            <summary>
            Register pages (for SPI only)
            Page 0 for 0x80 to 0xFF
            Page 1 for 0x00 to 0x7F
            Controlled via bit 4 on register 0x73
            and is the only bit used on that register
            </summary>
        </member>
        <member name="F:Meadow.Foundation.Sensors.Atmospheric.Bme68xSpiCommunications.SpiRegisterPage.Page0">
            <summary>
            SPI page for registers 0x80 to 0xFF
            Enabled by setting bit 4 to 1 on 0x73
            </summary>
        </member>
        <member name="F:Meadow.Foundation.Sensors.Atmospheric.Bme68xSpiCommunications.SpiRegisterPage.Page1">
            <summary>
            SPI page for registers 0x00 to 0x7F
            Enabled by setting bit 4 to 1 on 0x73
            </summary>
        </member>
        <member name="T:Meadow.Foundation.Sensors.Atmospheric.Bme680">
            <summary>
            Represents a BME680 Temperature, Pressure, Humidity and VOS sensor
            </summary>
        </member>
        <member name="M:Meadow.Foundation.Sensors.Atmospheric.Bme680.#ctor(Meadow.Hardware.II2cBus,System.Byte)">
            <summary>
            Creates a new instance of the Bme680 class
            </summary>
            <param name="i2cBus">I2C Bus to use for communicating with the busComms</param>
            <param name="address">I2C address of the busComms</param>
        </member>
        <member name="M:Meadow.Foundation.Sensors.Atmospheric.Bme680.#ctor(Meadow.Hardware.ISpiBus,Meadow.Hardware.IPin)">
            <summary>
            Creates a new instance of the Bme680 class
            </summary>
            <param name="spiBus">The SPI bus connected to the device</param>
            <param name="chipSelectPin">The chip select pin</param>
        </member>
        <member name="M:Meadow.Foundation.Sensors.Atmospheric.Bme680.#ctor(Meadow.Hardware.ISpiBus,Meadow.Hardware.IDigitalOutputPort,Meadow.Foundation.Sensors.Atmospheric.Bme68x.Configuration)">
            <summary>
            Creates a new instance of the Bme680 class
            </summary>
            <param name="spiBus">The SPI bus connected to the device</param>
            <param name="chipSelectPort">The chip select pin</param>
            <param name="configuration">The BMP68x configuration (optional)</param>
        </member>
        <member name="T:Meadow.Foundation.Sensors.Atmospheric.Bme688">
            <summary>
            Represents a BME688 Temperature, Pressure, Humidity and VOS sensor
            </summary>
        </member>
        <member name="M:Meadow.Foundation.Sensors.Atmospheric.Bme688.#ctor(Meadow.Hardware.II2cBus,System.Byte)">
            <summary>
            Creates a new instance of the BME688 class
            </summary>
            <param name="i2cBus">I2C Bus to use for communicating with the busComms</param>
            <param name="address">I2C address of the busComms</param>
        </member>
        <member name="M:Meadow.Foundation.Sensors.Atmospheric.Bme688.#ctor(Meadow.Hardware.ISpiBus,Meadow.Hardware.IPin)">
            <summary>
            Creates a new instance of the BME688 class
            </summary>
            <param name="spiBus">The SPI bus connected to the device</param>
            <param name="chipSelectPin">The chip select pin</param>
        </member>
        <member name="M:Meadow.Foundation.Sensors.Atmospheric.Bme688.#ctor(Meadow.Hardware.ISpiBus,Meadow.Hardware.IDigitalOutputPort,Meadow.Foundation.Sensors.Atmospheric.Bme68x.Configuration)">
            <summary>
            Creates a new instance of the BME688 class
            </summary>
            <param name="spiBus">The SPI bus connected to the device</param>
            <param name="chipSelectPort">The chip select pin</param>
            <param name="configuration">The BMP68x configuration (optional)</param>
        </member>
    </members>
</doc>
