<?xml version="1.0"?>
<doc>
    <assembly>
        <name>Bmi270</name>
    </assembly>
    <members>
        <member name="T:Meadow.Foundation.Sensors.Motion.Bmi270">
            <summary>
            Represents a BMI270 inertial measurement unit (IMU) 
            </summary>
        </member>
        <member name="P:Meadow.Foundation.Sensors.Motion.Bmi270.Acceleration3D">
            <summary>
            Current Acceleration 3D
            </summary>
        </member>
        <member name="P:Meadow.Foundation.Sensors.Motion.Bmi270.AngularVelocity3D">
            <summary>
            Current Angular Velocity (Gyro) 3D
            </summary>
        </member>
        <member name="P:Meadow.Foundation.Sensors.Motion.Bmi270.Temperature">
            <summary>
            Current Temperature
            </summary>
        </member>
        <member name="P:Meadow.Foundation.Sensors.Motion.Bmi270.CurrentAccelerationRange">
            <summary>
            The range of values that can be read for acceleration on each axis
            </summary>
        </member>
        <member name="P:Meadow.Foundation.Sensors.Motion.Bmi270.CurrentAngularVelocityRange">
            <summary>
            The range of values that can be read for angular acceleration (gyro) on each axis
            </summary>
        </member>
        <member name="P:Meadow.Foundation.Sensors.Motion.Bmi270.DefaultI2cAddress">
            <summary>
            The default I2C address for the peripheral
            </summary>
        </member>
        <member name="F:Meadow.Foundation.Sensors.Motion.Bmi270.i2cComms">
            <summary>
            I2C Communication bus used to communicate with the peripheral
            </summary>
        </member>
        <member name="M:Meadow.Foundation.Sensors.Motion.Bmi270.#ctor(Meadow.Hardware.II2cBus,System.Byte)">
            <summary>
            Create a new Bmi270 instance
            </summary>
            <param name="i2cBus">The I2C bus connected to the sensor</param>
            <param name="address">The I2C address</param>
        </member>
        <member name="M:Meadow.Foundation.Sensors.Motion.Bmi270.SetAccelerationRange(Meadow.Foundation.Sensors.Motion.Bmi270.AccelerationRange)">
            <summary>
            Set the range of values the sensor can read for acceleration
            </summary>
            <param name="accelRange">AccelerationRange</param>
        </member>
        <member name="M:Meadow.Foundation.Sensors.Motion.Bmi270.SetAngularVelocityRange(Meadow.Foundation.Sensors.Motion.Bmi270.AngularVelocityRange)">
            <summary>
            Set the range of values the sensor can read for angular velocity (gyro)
            </summary>
            <param name="angRange">AngularAccelerationRange</param>
        </member>
        <member name="M:Meadow.Foundation.Sensors.Motion.Bmi270.RaiseEventsAndNotify(Meadow.IChangeResult{System.ValueTuple{System.Nullable{Meadow.Units.Acceleration3D},System.Nullable{Meadow.Units.AngularVelocity3D},System.Nullable{Meadow.Units.Temperature}}})">
            <summary>
            Raise events for subscribers and notify of value changes
            </summary>
            <param name="changeResult">The updated sensor data</param>
        </member>
        <member name="M:Meadow.Foundation.Sensors.Motion.Bmi270.ReadSensor">
            <summary>
            Reads data from the sensor
            </summary>
            <returns>The latest sensor reading</returns>
        </member>
        <member name="M:Meadow.Foundation.Sensors.Motion.Bmi270.SetPowerMode(Meadow.Foundation.Sensors.Motion.Bmi270.PowerMode)">
            <summary>
            Set the device power mode
            </summary>
            <param name="powerMode">The power mode</param>
        </member>
        <member name="M:Meadow.Foundation.Sensors.Motion.Bmi270.BeforeSleep(System.Threading.CancellationToken)">
            <inheritdoc/>
        </member>
        <member name="M:Meadow.Foundation.Sensors.Motion.Bmi270.AfterWake(System.Threading.CancellationToken)">
            <inheritdoc/>
        </member>
        <member name="T:Meadow.Foundation.Sensors.Motion.Bmi270.Addresses">
            <summary>
            Valid I2C addresses for the sensor
            </summary>
        </member>
        <member name="F:Meadow.Foundation.Sensors.Motion.Bmi270.Addresses.Address_0x68">
            <summary>
            Bus address 0x68
            </summary>
        </member>
        <member name="F:Meadow.Foundation.Sensors.Motion.Bmi270.Addresses.Address_0x69">
            <summary>
            Bus address 0x69
            </summary>
        </member>
        <member name="F:Meadow.Foundation.Sensors.Motion.Bmi270.Addresses.Default">
            <summary>
            Default bus address 0x68
            </summary>
        </member>
        <member name="T:Meadow.Foundation.Sensors.Motion.Bmi270.AccelerationRange">
            <summary>
            The range of acceleration values
            Lower values have less range but more precision 
            </summary>
        </member>
        <member name="F:Meadow.Foundation.Sensors.Motion.Bmi270.AccelerationRange._2g">
            <summary>
            +/- 2g (gravity)
            </summary>
        </member>
        <member name="F:Meadow.Foundation.Sensors.Motion.Bmi270.AccelerationRange._4g">
            <summary>
            +/- 4g (gravity)
            </summary>
        </member>
        <member name="F:Meadow.Foundation.Sensors.Motion.Bmi270.AccelerationRange._8g">
            <summary>
            +/- 8g (gravity) - default
            </summary>
        </member>
        <member name="F:Meadow.Foundation.Sensors.Motion.Bmi270.AccelerationRange._16g">
            <summary>
            +/- 16g (gravity)
            </summary>
        </member>
        <member name="T:Meadow.Foundation.Sensors.Motion.Bmi270.AngularVelocityRange">
            <summary>
            The range of angular velocity (gyroscopic) values
            Lower values have less range but more precision 
            </summary>
        </member>
        <member name="F:Meadow.Foundation.Sensors.Motion.Bmi270.AngularVelocityRange._2000dps">
            <summary>
            +/- 2000 degrees per second - default
            </summary>
        </member>
        <member name="F:Meadow.Foundation.Sensors.Motion.Bmi270.AngularVelocityRange._1000dps">
            <summary>
            +/- 1000 degrees per second
            </summary>
        </member>
        <member name="F:Meadow.Foundation.Sensors.Motion.Bmi270.AngularVelocityRange._500dps">
            <summary>
            +/- 5000 degrees per second
            </summary>
        </member>
        <member name="F:Meadow.Foundation.Sensors.Motion.Bmi270.AngularVelocityRange._250dps">
            <summary>
            +/- 250 degrees per second
            </summary>
        </member>
        <member name="F:Meadow.Foundation.Sensors.Motion.Bmi270.AngularVelocityRange._125dps">
            <summary>
            +/- 125 degrees per second
            </summary>
        </member>
        <member name="T:Meadow.Foundation.Sensors.Motion.Bmi270.PowerMode">
            <summary>
            The device power mode
            </summary>
        </member>
        <member name="F:Meadow.Foundation.Sensors.Motion.Bmi270.PowerMode.Suspend">
            <summary>
            Lowest power mode, will still maintain configuration, no motion sensing
            </summary>
        </member>
        <member name="F:Meadow.Foundation.Sensors.Motion.Bmi270.PowerMode.Configuration">
            <summary>
            Configuration mode, all features accessible, no motion sensing
            </summary>
        </member>
        <member name="F:Meadow.Foundation.Sensors.Motion.Bmi270.PowerMode.LowPower">
            <summary>
            Low power mode, motion sensing at lowest possible power consumption
            </summary>
        </member>
        <member name="F:Meadow.Foundation.Sensors.Motion.Bmi270.PowerMode.Normal">
            <summary>
            Normal power mode, alias free motion sensing 
            </summary>
        </member>
        <member name="F:Meadow.Foundation.Sensors.Motion.Bmi270.PowerMode.Performance">
            <summary>
            Performance mode, motion sensing at maximum sensor performance
            </summary>
        </member>
    </members>
</doc>
