<?xml version="1.0"?>
<doc>
    <assembly>
        <name>C16x9</name>
    </assembly>
    <members>
        <member name="T:Meadow.Foundation.mikroBUS.Displays.C16x9">
            <summary>
            Represents a mikroBUS 16x9 Click board
            </summary>
        </member>
        <member name="F:Meadow.Foundation.mikroBUS.Displays.C16x9.iS31FL3731">
            <summary>
            Is31fl3731 object to manage the leds
            </summary>
        </member>
        <member name="P:Meadow.Foundation.mikroBUS.Displays.C16x9.PixelBuffer">
            <summary>
            The buffer to hold the display data
            </summary>
        </member>
        <member name="P:Meadow.Foundation.mikroBUS.Displays.C16x9.ColorMode">
            <summary>
            Color mode of display
            </summary>
        </member>
        <member name="P:Meadow.Foundation.mikroBUS.Displays.C16x9.SupportedColorModes">
            <summary>
            Color mode of display
            </summary>
        </member>
        <member name="P:Meadow.Foundation.mikroBUS.Displays.C16x9.Width">
            <summary>
            Width of display in pixels
            </summary>
        </member>
        <member name="P:Meadow.Foundation.mikroBUS.Displays.C16x9.Height">
            <summary>
            Height of display in pixels
            </summary>
        </member>
        <member name="F:Meadow.Foundation.mikroBUS.Displays.C16x9.frame">
            <summary>
            The Is31fl3731 active frame 
            </summary>
        </member>
        <member name="P:Meadow.Foundation.mikroBUS.Displays.C16x9.IgnoreOutOfBoundsPixels">
            <summary>
            Gets/Sets property to ignore boundaries when drawing outside of the LED matrix
            </summary>
        </member>
        <member name="P:Meadow.Foundation.mikroBUS.Displays.C16x9.DisplayOn">
            <summary>
            Turn the display on or off
            </summary>
        </member>
        <member name="M:Meadow.Foundation.mikroBUS.Displays.C16x9.#ctor(Meadow.Hardware.IDigitalOutputPort,Meadow.Hardware.II2cBus,System.Byte)">
            <summary>
            Creates a CharlieWing driver
            </summary>
            <param name="onOffPort">On/Off port</param>
            <param name="i2cBus">I2C bus</param>
            <param name="address">I2C address</param>
        </member>
        <member name="M:Meadow.Foundation.mikroBUS.Displays.C16x9.#ctor(Meadow.Hardware.IPin,Meadow.Hardware.II2cBus)">
            <summary>
            Creates a CharlieWing driver
            </summary>
            <param name="onOffPin">IO pin to controller display on/off state</param>
            <param name="i2cBus">I2C bus</param>
        </member>
        <member name="M:Meadow.Foundation.mikroBUS.Displays.C16x9.Clear(System.Boolean)">
            <summary>
            Clear display
            </summary>
            <param name="updateDisplay"></param>
        </member>
        <member name="M:Meadow.Foundation.mikroBUS.Displays.C16x9.DrawPixel(System.Int32,System.Int32,Meadow.Color)">
            <summary>
            Turn on an RGB LED with the specified color on (x,y) coordinates
            </summary>
            <param name="x"></param>
            <param name="y"></param>
            <param name="color"></param>
        </member>
        <member name="M:Meadow.Foundation.mikroBUS.Displays.C16x9.DrawPixel(System.Int32,System.Int32,System.Boolean)">
            <summary>
            Turn on a LED on (x,y) coordinates
            </summary>
            <param name="x"></param>
            <param name="y"></param>
            <param name="colored"></param>
        </member>
        <member name="M:Meadow.Foundation.mikroBUS.Displays.C16x9.InvertPixel(System.Int32,System.Int32)">
            <summary>
            Invert the color of the pixel at the given location
            </summary>
            <param name="x">x location in pixels</param>
            <param name="y">y location in pixels</param>
        </member>
        <member name="M:Meadow.Foundation.mikroBUS.Displays.C16x9.DrawBuffer(System.Int32,System.Int32,Meadow.Peripherals.Displays.IPixelBuffer)">
            <summary>
            Draw a buffer to the display
            </summary>
            <param name="x"></param>
            <param name="y"></param>
            <param name="displayBuffer"></param>
        </member>
        <member name="M:Meadow.Foundation.mikroBUS.Displays.C16x9.Fill(Meadow.Color,System.Boolean)">
            <summary>
            Clear the display.
            </summary>
            <param name="clearColor"></param>
            <param name="updateDisplay"></param>
        </member>
        <member name="M:Meadow.Foundation.mikroBUS.Displays.C16x9.Fill(System.Int32,System.Int32,System.Int32,System.Int32,Meadow.Color)">
            <summary>
            Clear the display
            </summary>
            <param name="x"></param>
            <param name="y"></param>
            <param name="width"></param>
            <param name="height"></param>
            <param name="fillColor"></param>
        </member>
        <member name="M:Meadow.Foundation.mikroBUS.Displays.C16x9.Show">
            <summary>
            Show changes on the display
            </summary>
        </member>
        <member name="M:Meadow.Foundation.mikroBUS.Displays.C16x9.Show(System.Int32,System.Int32,System.Int32,System.Int32)">
            <summary>
            Show changes on the display
            </summary>
            <param name="left"></param>
            <param name="top"></param>
            <param name="right"></param>
            <param name="bottom"></param>
        </member>
        <member name="M:Meadow.Foundation.mikroBUS.Displays.C16x9.Show(System.Byte)">
            <summary>
            Show changes on the display
            </summary>
            <param name="frame"></param>
        </member>
        <member name="M:Meadow.Foundation.mikroBUS.Displays.C16x9.WriteBuffer(System.Int32,System.Int32,Meadow.Peripherals.Displays.IPixelBuffer)">
            <summary>
            Write an external buffer to the display buffer
            </summary>
            <param name="x">X postion to write buffer in pixels</param>
            <param name="y">Y postion to write buffer in pixels</param>
            <param name="buffer">The buffer to write</param>
        </member>
    </members>
</doc>
