<?xml version="1.0"?>
<doc>
    <assembly>
        <name>Is31fl3731</name>
    </assembly>
    <members>
        <member name="T:Meadow.Foundation.ICs.IOExpanders.Is31fl3731">
            <summary>
            Represents the IS31FL3731 IC
            The IS31FL3731 is a compact LED driver for 144 single LEDs
            </summary>
            <remarks>Based on https://github.com/adafruit/Adafruit_IS31FL3731</remarks>
        </member>
        <member name="P:Meadow.Foundation.ICs.IOExpanders.Is31fl3731.DefaultI2cAddress">
            <summary>
            The default I2C address for the peripheral
            </summary>
        </member>
        <member name="F:Meadow.Foundation.ICs.IOExpanders.Is31fl3731.i2cComms">
            <summary>
            I2C Communication bus used to communicate with the peripheral
            </summary>
        </member>
        <member name="P:Meadow.Foundation.ICs.IOExpanders.Is31fl3731.Frame">
            <summary>
            The current frame
            </summary>
        </member>
        <member name="M:Meadow.Foundation.ICs.IOExpanders.Is31fl3731.#ctor(Meadow.Hardware.II2cBus,System.Byte)">
            <summary>
            Create a new Is31fl3731 object
            </summary>
            <param name="i2cBus">The I2C bus</param>
            <param name="address">The I2C address</param>
        </member>
        <member name="M:Meadow.Foundation.ICs.IOExpanders.Is31fl3731.Initialize">
            <summary>
            Initialize the IS31FL3731 by shutting it down, turning it back on and setting it to Picture mode.
            </summary>
        </member>
        <member name="M:Meadow.Foundation.ICs.IOExpanders.Is31fl3731.SetLedState(System.Boolean)">
            <summary>
            Set the LED state for all LEDs in the current Frame
            </summary>
            <param name="on">true = on, false = off</param>
        </member>
        <member name="M:Meadow.Foundation.ICs.IOExpanders.Is31fl3731.SetLedState(System.Byte,System.Boolean)">
            <summary>
            Sets the state for all LEDs for the specified frame
            </summary>
            <param name="frame">Frame number</param>
            <param name="on">true = on, false = off</param>
        </member>
        <member name="M:Meadow.Foundation.ICs.IOExpanders.Is31fl3731.WriteRegister(System.Byte,System.Byte)">
            <summary>
            Write to the current frame register
            </summary>
            <param name="register">Register to write to</param>
            <param name="data">The data value</param>
        </member>
        <member name="M:Meadow.Foundation.ICs.IOExpanders.Is31fl3731.WriteRegister(System.Byte,System.Byte,System.Byte)">
            <summary>
            Write a value to a register
            </summary>
            <param name="frame">The frame</param>
            <param name="register">Register to write to</param>
            <param name="data">The data value</param>
        </member>
        <member name="M:Meadow.Foundation.ICs.IOExpanders.Is31fl3731.ReadRegister(System.Byte)">
            <summary>
            Read a value from a register
            </summary>
            <param name="register">Register to read from</param>
            <returns>The data value read from the register</returns>
        </member>
        <member name="M:Meadow.Foundation.ICs.IOExpanders.Is31fl3731.SetBlinkMode(System.Boolean,System.Byte)">
            <summary>
            Enable/disable blink mode
            </summary>
            <param name="enabled">true = on, false = off</param>
            <param name="period">The blink duration</param>
        </member>
        <member name="M:Meadow.Foundation.ICs.IOExpanders.Is31fl3731.Clear">
            <summary>
            Turn off all LEDs for the current frame
            </summary>
        </member>
        <member name="M:Meadow.Foundation.ICs.IOExpanders.Is31fl3731.Clear(System.Byte)">
            <summary>
            Turn off all LEDs for the specified frame
            </summary>
            <param name="frame">The frame to clear</param>
        </member>
        <member name="M:Meadow.Foundation.ICs.IOExpanders.Is31fl3731.ClearAllFrames">
            <summary>
            Turn off all LEDs
            </summary>
        </member>
        <member name="M:Meadow.Foundation.ICs.IOExpanders.Is31fl3731.SetLedPwm(System.Byte,System.Byte)">
            <summary>
            Set the PWM value for the specified LED
            </summary>
            <param name="ledIndex">The LED number</param>
            <param name="pwm">The PWM value (0-255)</param>
        </member>
        <member name="M:Meadow.Foundation.ICs.IOExpanders.Is31fl3731.SetLedPwm(System.Byte,System.Byte,System.Byte)">
            <summary>
            Set the PWM value for the specified LED
            </summary>
            <param name="frame">Frame number (0-7)</param>
            <param name="ledIndex">The LED number (0-144)</param>
            <param name="brightness">The PWM value (0-255)</param>
        </member>
        <member name="M:Meadow.Foundation.ICs.IOExpanders.Is31fl3731.GetLedPwm(System.Byte,System.Byte)">
            <summary>
            Get the PWM value for the specified LED
            </summary>
            <param name="frame">Frame number (0-7)</param>
            <param name="ledIndex">The LED number (0-144)</param>
            <returns>The PWM value 0-255</returns>
        </member>
        <member name="M:Meadow.Foundation.ICs.IOExpanders.Is31fl3731.DisplayFrame(System.Byte)">
            <summary>
            Display the specified frame
            </summary>
            <param name="frame">The frame number (0-7)</param>
        </member>
        <member name="M:Meadow.Foundation.ICs.IOExpanders.Is31fl3731.SetFrame(System.Byte)">
            <summary>
            Sets the current frame.
            </summary>
            <param name="frame">The frame number (0-7)</param>
        </member>
        <member name="M:Meadow.Foundation.ICs.IOExpanders.Is31fl3731.SetBlinkFunctionOnAllLeds(System.Boolean)">
            <summary>
            Blink all LEDs for the current frame - blink Mode must be enabled
            </summary>
            <param name="on">true = on, false = off</param>
        </member>
        <member name="M:Meadow.Foundation.ICs.IOExpanders.Is31fl3731.SetBlinkFunctionOnAllLeds(System.Byte,System.Boolean)">
            <summary>
            Blink all the LEDs for the specified frame
            </summary>
            <param name="frame">Frame number</param>
            <param name="on">true = on, false = off</param>
        </member>
        <member name="M:Meadow.Foundation.ICs.IOExpanders.Is31fl3731.SelectPage(System.Byte)">
            <summary>
            Select the page/frame
            </summary>
            <param name="page">Page/frame number</param>
        </member>
        <member name="T:Meadow.Foundation.ICs.IOExpanders.Is31fl3731.Addresses">
            <summary>
            Valid I2C addresses for the sensor
            </summary>
        </member>
        <member name="F:Meadow.Foundation.ICs.IOExpanders.Is31fl3731.Addresses.Address_0x74">
            <summary>
            Bus address 0x74
            </summary>
        </member>
        <member name="F:Meadow.Foundation.ICs.IOExpanders.Is31fl3731.Addresses.Address_0x77">
            <summary>
            Bus address 0x77
            </summary>
        </member>
        <member name="F:Meadow.Foundation.ICs.IOExpanders.Is31fl3731.Addresses.Default">
            <summary>
            Default bus address
            </summary>
        </member>
    </members>
</doc>
