<?xml version="1.0"?>
<doc>
    <assembly>
        <name>Mcp23xxx</name>
    </assembly>
    <members>
        <member name="T:Meadow.Foundation.ICs.IOExpanders.Mcp23x0x">
            <summary>
            Represent an MCP23x0x I2C/SPI port expander
            </summary>
        </member>
        <member name="P:Meadow.Foundation.ICs.IOExpanders.Mcp23x0x.Pins">
            <summary>
            MCP23x0x pin definitions
            </summary>
        </member>
        <member name="P:Meadow.Foundation.ICs.IOExpanders.Mcp23x0x.NumberOfPins">
            <summary>
            The number of IO pins available on the device
            </summary>
        </member>
        <member name="M:Meadow.Foundation.ICs.IOExpanders.Mcp23x0x.IsValidPin(Meadow.Hardware.IPin)">
            <summary>
            Is the pin valid for this device instance
            </summary>
            <param name="pin">The IPin to validate</param>
            <returns>True if pin is valid</returns>
        </member>
        <member name="M:Meadow.Foundation.ICs.IOExpanders.Mcp23x0x.#ctor(Meadow.Hardware.II2cBus,System.Byte,Meadow.Hardware.IDigitalInterruptPort,Meadow.Hardware.IDigitalOutputPort)">
            <summary>
            Creates an Mcp23x0x object
            </summary>
            <param name="i2cBus">The I2C bus</param>
            <param name="address">The I2C address</param>
            <param name="interruptPort">The interrupt port</param>
            <param name="resetPort">Optional Meadow output port used to reset the mcp expander</param>
        </member>
        <member name="M:Meadow.Foundation.ICs.IOExpanders.Mcp23x0x.#ctor(Meadow.Hardware.ISpiBus,Meadow.Hardware.IDigitalOutputPort,Meadow.Hardware.IDigitalInterruptPort,Meadow.Hardware.IDigitalOutputPort)">
            <summary>
            Creates an Mcp23x0x object
            </summary>
            <param name="spiBus">The SPI bus connected to the Mcp23x08</param>
            <param name="chipSelectPort">Chip select port</param>
            <param name="interruptPort">optional interrupt port, needed for input interrupts</param>
            <param name="resetPort">Optional Meadow output port used to reset the mcp expander</param>
        </member>
        <member name="M:Meadow.Foundation.ICs.IOExpanders.Mcp23x0x.GetPin(System.String)">
            <summary>
            Get pin reference by name
            </summary>
            <param name="pinName">The pin name as a string</param>
            <returns>IPin reference if found</returns>
        </member>
        <member name="T:Meadow.Foundation.ICs.IOExpanders.Mcp23x0x.PinDefinitions">
            <summary>
            Pin definitions for 8 pin MCP IO expanders
            </summary>
        </member>
        <member name="P:Meadow.Foundation.ICs.IOExpanders.Mcp23x0x.PinDefinitions.Controller">
            <summary>
            The controller for the pins
            </summary>
        </member>
        <member name="P:Meadow.Foundation.ICs.IOExpanders.Mcp23x0x.PinDefinitions.AllPins">
            <summary>
            List of pins
            </summary>
        </member>
        <member name="P:Meadow.Foundation.ICs.IOExpanders.Mcp23x0x.PinDefinitions.GP0">
            <summary>
            Pin GP0
            </summary>
        </member>
        <member name="P:Meadow.Foundation.ICs.IOExpanders.Mcp23x0x.PinDefinitions.GP1">
            <summary>
            Pin GP1
            </summary>
        </member>
        <member name="P:Meadow.Foundation.ICs.IOExpanders.Mcp23x0x.PinDefinitions.GP2">
            <summary>
            Pin GP2
            </summary>
        </member>
        <member name="P:Meadow.Foundation.ICs.IOExpanders.Mcp23x0x.PinDefinitions.GP3">
            <summary>
            Pin GP3
            </summary>
        </member>
        <member name="P:Meadow.Foundation.ICs.IOExpanders.Mcp23x0x.PinDefinitions.GP4">
            <summary>
            Pin GP4
            </summary>
        </member>
        <member name="P:Meadow.Foundation.ICs.IOExpanders.Mcp23x0x.PinDefinitions.GP5">
            <summary>
            Pin GP5
            </summary>
        </member>
        <member name="P:Meadow.Foundation.ICs.IOExpanders.Mcp23x0x.PinDefinitions.GP6">
            <summary>
            Pin GP6
            </summary>
        </member>
        <member name="P:Meadow.Foundation.ICs.IOExpanders.Mcp23x0x.PinDefinitions.GP7">
            <summary>
            Pin GP7
            </summary>
        </member>
        <member name="M:Meadow.Foundation.ICs.IOExpanders.Mcp23x0x.PinDefinitions.#ctor(Meadow.Foundation.ICs.IOExpanders.Mcp23x0x)">
            <summary>
            Create a new PinDefinitions object
            </summary>
        </member>
        <member name="M:Meadow.Foundation.ICs.IOExpanders.Mcp23x0x.PinDefinitions.InitAllPins">
            <summary>
            Initialize all pins
            </summary>
        </member>
        <member name="M:Meadow.Foundation.ICs.IOExpanders.Mcp23x0x.PinDefinitions.GetEnumerator">
            <summary>
            Get Pins
            </summary>
            <returns>IEnumerator of IPin with all pins</returns>
        </member>
        <member name="T:Meadow.Foundation.ICs.IOExpanders.Mcp23x1x">
            <summary>
            Represent an MCP23x1x I2C port expander
            </summary>
        </member>
        <member name="P:Meadow.Foundation.ICs.IOExpanders.Mcp23x1x.Pins">
            <summary>
            MCP23x17 pin definitions
            </summary>
        </member>
        <member name="P:Meadow.Foundation.ICs.IOExpanders.Mcp23x1x.NumberOfPins">
            <summary>
            The number of IO pins available on the device
            </summary>
        </member>
        <member name="M:Meadow.Foundation.ICs.IOExpanders.Mcp23x1x.IsValidPin(Meadow.Hardware.IPin)">
            <summary>
            Is the pin valid for this device instance
            </summary>
            <param name="pin">The IPin to validate</param>
            <returns>True if pin is valid</returns>
        </member>
        <member name="M:Meadow.Foundation.ICs.IOExpanders.Mcp23x1x.#ctor(Meadow.Hardware.II2cBus,System.Byte,Meadow.Hardware.IDigitalInterruptPort,Meadow.Hardware.IDigitalOutputPort)">
            <summary>
            Creates an Mcp23x1x object
            </summary>
            <param name="i2cBus">The I2C bus</param>
            <param name="address">The I2C address</param>
            <param name="interruptPort">The interrupt port</param>
            <param name="resetPort">Optional Meadow output port used to reset the mcp expander</param>
        </member>
        <member name="M:Meadow.Foundation.ICs.IOExpanders.Mcp23x1x.#ctor(Meadow.Hardware.ISpiBus,Meadow.Hardware.IDigitalOutputPort,Meadow.Hardware.IDigitalInterruptPort,Meadow.Hardware.IDigitalOutputPort)">
            <summary>
            Creates an Mcp23x1x object
            </summary>
            <param name="spiBus">The SPI bus</param>
            <param name="chipSelectPort">The chip select port</param>
            <param name="interruptPort">The interrupt port</param>
            <param name="resetPort">Optional Meadow output port used to reset the mcp expander</param>
        </member>
        <member name="M:Meadow.Foundation.ICs.IOExpanders.Mcp23x1x.GetPin(System.String)">
            <summary>
            Get pin reference by name
            </summary>
            <param name="pinName">The pin name as a string</param>
            <returns>IPin reference if found</returns>
        </member>
        <member name="T:Meadow.Foundation.ICs.IOExpanders.Mcp23x1x.PinDefinitions">
            <summary>
            Pin definitions for 16 pin MCP IO expanders
            </summary>
        </member>
        <member name="P:Meadow.Foundation.ICs.IOExpanders.Mcp23x1x.PinDefinitions.Controller">
            <summary>
            The controller for the pins
            </summary>
        </member>
        <member name="P:Meadow.Foundation.ICs.IOExpanders.Mcp23x1x.PinDefinitions.AllPins">
            <summary>
            List of pins
            </summary>
        </member>
        <member name="P:Meadow.Foundation.ICs.IOExpanders.Mcp23x1x.PinDefinitions.GPA0">
            <summary>
            Pin GPA0
            </summary>
        </member>
        <member name="P:Meadow.Foundation.ICs.IOExpanders.Mcp23x1x.PinDefinitions.GPA1">
            <summary>
            Pin GPA1
            </summary>
        </member>
        <member name="P:Meadow.Foundation.ICs.IOExpanders.Mcp23x1x.PinDefinitions.GPA2">
            <summary>
            Pin GPA2
            </summary>
        </member>
        <member name="P:Meadow.Foundation.ICs.IOExpanders.Mcp23x1x.PinDefinitions.GPA3">
            <summary>
            Pin GPA3
            </summary>
        </member>
        <member name="P:Meadow.Foundation.ICs.IOExpanders.Mcp23x1x.PinDefinitions.GPA4">
            <summary>
            Pin GPA4
            </summary>
        </member>
        <member name="P:Meadow.Foundation.ICs.IOExpanders.Mcp23x1x.PinDefinitions.GPA5">
            <summary>
            Pin GPA5
            </summary>
        </member>
        <member name="P:Meadow.Foundation.ICs.IOExpanders.Mcp23x1x.PinDefinitions.GPA6">
            <summary>
            Pin GPA6
            </summary>
        </member>
        <member name="P:Meadow.Foundation.ICs.IOExpanders.Mcp23x1x.PinDefinitions.GPA7">
            <summary>
            Pin GPA7
            </summary>
        </member>
        <member name="P:Meadow.Foundation.ICs.IOExpanders.Mcp23x1x.PinDefinitions.GPB0">
            <summary>
            Pin GPB0
            </summary>
        </member>
        <member name="P:Meadow.Foundation.ICs.IOExpanders.Mcp23x1x.PinDefinitions.GPB1">
            <summary>
            Pin GPB1
            </summary>
        </member>
        <member name="P:Meadow.Foundation.ICs.IOExpanders.Mcp23x1x.PinDefinitions.GPB2">
            <summary>
            Pin GPB2
            </summary>
        </member>
        <member name="P:Meadow.Foundation.ICs.IOExpanders.Mcp23x1x.PinDefinitions.GPB3">
            <summary>
            Pin GPB3
            </summary>
        </member>
        <member name="P:Meadow.Foundation.ICs.IOExpanders.Mcp23x1x.PinDefinitions.GPB4">
            <summary>
            Pin GPB4
            </summary>
        </member>
        <member name="P:Meadow.Foundation.ICs.IOExpanders.Mcp23x1x.PinDefinitions.GPB5">
            <summary>
            Pin GPB5
            </summary>
        </member>
        <member name="P:Meadow.Foundation.ICs.IOExpanders.Mcp23x1x.PinDefinitions.GPB6">
            <summary>
            Pin GPB6
            </summary>
        </member>
        <member name="P:Meadow.Foundation.ICs.IOExpanders.Mcp23x1x.PinDefinitions.GPB7">
            <summary>
            Pin GPB7
            </summary>
        </member>
        <member name="M:Meadow.Foundation.ICs.IOExpanders.Mcp23x1x.PinDefinitions.#ctor(Meadow.Foundation.ICs.IOExpanders.Mcp23x1x)">
            <summary>
            Create a new PinDefinitions object
            </summary>
        </member>
        <member name="M:Meadow.Foundation.ICs.IOExpanders.Mcp23x1x.PinDefinitions.InitAllPins">
            <summary>
            Initialize all pins
            </summary>
        </member>
        <member name="M:Meadow.Foundation.ICs.IOExpanders.Mcp23x1x.PinDefinitions.GetEnumerator">
            <summary>
            Get Pins
            </summary>
            <returns>IEnumerator of IPin with all pins</returns>
        </member>
        <member name="T:Meadow.Foundation.ICs.IOExpanders.Mcp23008">
            <summary>
            Represent an MCP23008 I2C port expander
            </summary>
        </member>
        <member name="M:Meadow.Foundation.ICs.IOExpanders.Mcp23008.#ctor(Meadow.Hardware.II2cBus,System.Byte,Meadow.Hardware.IDigitalInterruptPort,Meadow.Hardware.IDigitalOutputPort)">
            <summary>
            Creates an Mcp23008 object
            </summary>
            <param name="i2cBus">The I2C bus</param>
            <param name="address">The I2C address</param>
            <param name="interruptPort">The interrupt port</param>
            <param name="resetPort">Optional Meadow output port used to reset the mcp expander</param>
        </member>
        <member name="T:Meadow.Foundation.ICs.IOExpanders.Mcp23009">
            <summary>
            Represent an MCP23009 I2C port expander with open-drain outputs
            </summary>
        </member>
        <member name="M:Meadow.Foundation.ICs.IOExpanders.Mcp23009.#ctor(Meadow.Hardware.II2cBus,System.Byte,Meadow.Hardware.IDigitalInterruptPort,Meadow.Hardware.IDigitalOutputPort)">
            <summary>
            Creates an Mcp23009 object
            </summary>
            <param name="i2cBus">The I2C bus</param>
            <param name="address">The I2C address</param>
            <param name="interruptPort">The interrupt port</param>
            <param name="resetPort">Optional Meadow output port used to reset the mcp expander</param>
        </member>
        <member name="M:Meadow.Foundation.ICs.IOExpanders.Mcp23009.CreateDigitalOutputPort(Meadow.Hardware.IPin,System.Boolean)">
            <summary>
            Creates a new DigitalOutputPort using the specified pin and initial state
            </summary>
            <param name="pin">The pin number to create the port on</param>
            <param name="initialState">Whether the pin is initially high or low</param>
            <returns>IDigitalOutputPort</returns>
        </member>
        <member name="M:Meadow.Foundation.ICs.IOExpanders.Mcp23009.CreateDigitalOutputPort(Meadow.Hardware.IPin,System.Boolean,Meadow.Hardware.OutputType)">
            <summary>
            Creates a new DigitalOutputPort using the specified pin and initial state
            </summary>
            <param name="pin">The pin number to create the port on</param>
            <param name="initialState">Whether the pin is initially high or low</param>
            <param name="outputType">The output type</param>
            <returns>IDigitalOutputPort</returns>
        </member>
        <member name="T:Meadow.Foundation.ICs.IOExpanders.Mcp23017">
            <summary>
            Represent an MCP23017 I2C port expander
            </summary>
        </member>
        <member name="M:Meadow.Foundation.ICs.IOExpanders.Mcp23017.#ctor(Meadow.Hardware.II2cBus,System.Byte,Meadow.Hardware.IDigitalInterruptPort,Meadow.Hardware.IDigitalOutputPort)">
            <summary>
            Creates an Mcp23017 object
            </summary>
            <param name="i2cBus">The I2C bus</param>
            <param name="address">The I2C address</param>
            <param name="interruptPort">The interrupt port</param>
            <param name="resetPort">Optional Meadow output port used to reset the mcp expander</param>
        </member>
        <member name="T:Meadow.Foundation.ICs.IOExpanders.Mcp23018">
            <summary>
            Represent an MCP23018 I2C port expander with open-drain outputs
            </summary>
        </member>
        <member name="M:Meadow.Foundation.ICs.IOExpanders.Mcp23018.#ctor(Meadow.Hardware.II2cBus,System.Byte,Meadow.Hardware.IDigitalInterruptPort,Meadow.Hardware.IDigitalOutputPort)">
            <summary>
            Creates an Mcp23018 object
            </summary>
            <param name="i2cBus">The I2C bus</param>
            <param name="address">The I2C address</param>
            <param name="interruptPort">The interrupt port</param>
            <param name="resetPort">Optional Meadow output port used to reset the mcp expander</param>
        </member>
        <member name="M:Meadow.Foundation.ICs.IOExpanders.Mcp23018.CreateDigitalOutputPort(Meadow.Hardware.IPin,System.Boolean)">
            <summary>
            Creates a new DigitalOutputPort using the specified pin and initial state
            </summary>
            <param name="pin">The pin number to create the port on</param>
            <param name="initialState">Whether the pin is initially high or low</param>
            <returns>IDigitalOutputPort</returns>
        </member>
        <member name="M:Meadow.Foundation.ICs.IOExpanders.Mcp23018.CreateDigitalOutputPort(Meadow.Hardware.IPin,System.Boolean,Meadow.Hardware.OutputType)">
            <summary>
            Creates a new DigitalOutputPort using the specified pin and initial state
            </summary>
            <param name="pin">The pin number to create the port on</param>
            <param name="initialState">Whether the pin is initially high or low</param>
            <param name="outputType">The output type</param>
            <returns>IDigitalOutputPort</returns>
        </member>
        <member name="T:Meadow.Foundation.ICs.IOExpanders.Mcp23s08">
            <summary>
            Represent an MCP23S08 SPI port expander
            </summary>
        </member>
        <member name="M:Meadow.Foundation.ICs.IOExpanders.Mcp23s08.#ctor(Meadow.Hardware.ISpiBus,Meadow.Hardware.IDigitalOutputPort,Meadow.Hardware.IDigitalInterruptPort,Meadow.Hardware.IDigitalOutputPort)">
            <summary>
            Creates an Mcp23s08 object
            </summary>
            <param name="spiBus">The SPI bus</param>
            <param name="chipSelectPort">Chip select port</param>
            <param name="interruptPort">optional interrupt port, needed for input interrupts</param>
            <param name="resetPort">Optional Meadow output port used to reset the mcp expander</param>
        </member>
        <member name="M:Meadow.Foundation.ICs.IOExpanders.Mcp23s08.#ctor(Meadow.Hardware.ISpiBus,Meadow.Hardware.IPin,Meadow.Hardware.IPin)">
            <summary>
            Creates an Mcp23s08 object
            </summary>
            <param name="spiBus">The SPI bus</param>
            <param name="chipSelectPin">Chip select pin</param>
            <param name="interruptPin">optional interrupt pin, needed for input interrupts (InterruptMode: EdgeRising, ResistorMode.InternalPullDown)</param>
        </member>
        <member name="T:Meadow.Foundation.ICs.IOExpanders.Mcp23s09">
            <summary>
            Represent an MCP23S09 SPI port expander with open-drain outputs
            </summary>
        </member>
        <member name="M:Meadow.Foundation.ICs.IOExpanders.Mcp23s09.#ctor(Meadow.Hardware.ISpiBus,Meadow.Hardware.IDigitalOutputPort,Meadow.Hardware.IDigitalInterruptPort,Meadow.Hardware.IDigitalOutputPort)">
            <summary>
            Creates an Mcp23s09 object
            </summary>
            <param name="spiBus">The SPI bus</param>
            <param name="chipSelectPort">Chip select port</param>
            <param name="interruptPort">optional interrupt port, needed for input interrupts</param>
            <param name="resetPort">Optional Meadow output port used to reset the mcp expander</param>
        </member>
        <member name="M:Meadow.Foundation.ICs.IOExpanders.Mcp23s09.#ctor(Meadow.Hardware.ISpiBus,Meadow.Hardware.IPin,Meadow.Hardware.IPin)">
            <summary>
            Creates an Mcp23s09 object
            </summary>
            <param name="spiBus">The SPI bus</param>
            <param name="chipSelectPin">Chip select pin</param>
            <param name="interruptPin">optional interrupt pin, needed for input interrupts (InterruptMode: EdgeRising, ResistorMode.InternalPullDown)</param>
        </member>
        <member name="M:Meadow.Foundation.ICs.IOExpanders.Mcp23s09.CreateDigitalOutputPort(Meadow.Hardware.IPin,System.Boolean)">
            <summary>
            Creates a new DigitalOutputPort using the specified pin and initial state
            </summary>
            <param name="pin">The pin number to create the port on</param>
            <param name="initialState">Whether the pin is initially high or low</param>
            <returns>IDigitalOutputPort</returns>
        </member>
        <member name="M:Meadow.Foundation.ICs.IOExpanders.Mcp23s09.CreateDigitalOutputPort(Meadow.Hardware.IPin,System.Boolean,Meadow.Hardware.OutputType)">
            <summary>
            Creates a new DigitalOutputPort using the specified pin and initial state
            </summary>
            <param name="pin">The pin number to create the port on</param>
            <param name="initialState">Whether the pin is initially high or low</param>
            <param name="outputType">The output type</param>
            <returns>IDigitalOutputPort</returns>
        </member>
        <member name="T:Meadow.Foundation.ICs.IOExpanders.Mcp23s17">
            <summary>
            Represent an MCP23017 SPI port expander
            </summary>
        </member>
        <member name="M:Meadow.Foundation.ICs.IOExpanders.Mcp23s17.#ctor(Meadow.Hardware.ISpiBus,Meadow.Hardware.IDigitalOutputPort,Meadow.Hardware.IDigitalInterruptPort,Meadow.Hardware.IDigitalOutputPort)">
            <summary>
            Creates an Mcp23s17 object
            </summary>
            <param name="spiBus">The SPI bus</param>
            <param name="chipSelectPort">Chip select port</param>
            <param name="interruptPort">optional interrupt port, needed for input interrupts</param>
            <param name="resetPort">Optional Meadow output port used to reset the mcp expander</param>
        </member>
        <member name="M:Meadow.Foundation.ICs.IOExpanders.Mcp23s17.#ctor(Meadow.Hardware.ISpiBus,Meadow.Hardware.IPin,Meadow.Hardware.IPin)">
            <summary>
            Creates an Mcp23s17 object
            </summary>
            <param name="spiBus">The SPI bus</param>
            <param name="chipSelectPin">Chip select pin</param>
            <param name="interruptPin">optional interrupt pin, needed for input interrupts (InterruptMode: EdgeRising, ResistorMode.InternalPullDown)</param>
        </member>
        <member name="T:Meadow.Foundation.ICs.IOExpanders.Mcp23s18">
            <summary>
            Represent an MCP23018 SPI port expander with open-drain outputs
            </summary>
        </member>
        <member name="M:Meadow.Foundation.ICs.IOExpanders.Mcp23s18.#ctor(Meadow.Hardware.ISpiBus,Meadow.Hardware.IDigitalOutputPort,Meadow.Hardware.IDigitalInterruptPort,Meadow.Hardware.IDigitalOutputPort)">
            <summary>
            Creates an Mcp23s18 object
            </summary>
            <param name="spiBus">The SPI bus</param>
            <param name="chipSelectPort">Chip select port</param>
            <param name="interruptPort">optional interrupt port, needed for input interrupts</param>
            <param name="resetPort">Optional Meadow output port used to reset the mcp expander</param>
        </member>
        <member name="M:Meadow.Foundation.ICs.IOExpanders.Mcp23s18.#ctor(Meadow.Hardware.ISpiBus,Meadow.Hardware.IPin,Meadow.Hardware.IPin)">
            <summary>
            Creates an Mcp23s18 object
            </summary>
            <param name="spiBus">The SPI bus</param>
            <param name="chipSelectPin">Chip select pin</param>
            <param name="interruptPin">optional interrupt pin, needed for input interrupts (InterruptMode: EdgeRising, ResistorMode.InternalPullDown)</param>
        </member>
        <member name="M:Meadow.Foundation.ICs.IOExpanders.Mcp23s18.CreateDigitalOutputPort(Meadow.Hardware.IPin,System.Boolean)">
            <summary>
            Creates a new DigitalOutputPort using the specified pin and initial state
            </summary>
            <param name="pin">The pin number to create the port on</param>
            <param name="initialState">Whether the pin is initially high or low</param>
            <returns>IDigitalOutputPort</returns>
        </member>
        <member name="M:Meadow.Foundation.ICs.IOExpanders.Mcp23s18.CreateDigitalOutputPort(Meadow.Hardware.IPin,System.Boolean,Meadow.Hardware.OutputType)">
            <summary>
            Creates a new DigitalOutputPort using the specified pin and initial state
            </summary>
            <param name="pin">The pin number to create the port on</param>
            <param name="initialState">Whether the pin is initially high or low</param>
            <param name="outputType">The output type</param>
            <returns>IDigitalOutputPort</returns>
        </member>
        <member name="T:Meadow.Foundation.ICs.IOExpanders.Mcp23xxx">
            <summary>
            Provide an interface to connect to a MCP23xxx port expander
            </summary>
        </member>
        <member name="M:Meadow.Foundation.ICs.IOExpanders.Mcp23xxx.GetAddressFromPins(System.Boolean,System.Boolean,System.Boolean)">
            <summary>
            Help method to get address from address pin configuration
            </summary>
            <param name="pinA0">State of A0 address pin - true if high</param>
            <param name="pinA1">State of A1 address pin - true if high</param>
            <param name="pinA2">State of A2 address pin - true if high</param>
            <returns>The device address</returns>
        </member>
        <member name="E:Meadow.Foundation.ICs.IOExpanders.Mcp23xxx.InputChanged">
            <summary> 
            Raised when the value of any pin configured for input interrupts changes
            This provides raw port state data from the MCP23xxx
            It's highly recommended to prefer using the events exposed on the digital input ports instead.
            </summary>
        </member>
        <member name="P:Meadow.Foundation.ICs.IOExpanders.Mcp23xxx.NumberOfPins">
            <summary>
            The number of IO pins available on the device
            </summary>
        </member>
        <member name="P:Meadow.Foundation.ICs.IOExpanders.Mcp23xxx.DefaultSpiBusSpeed">
            <summary>
            The default SPI bus speed for the device
            </summary>
        </member>
        <member name="P:Meadow.Foundation.ICs.IOExpanders.Mcp23xxx.SpiBusSpeed">
            <summary>
            The SPI bus speed for the device
            </summary>
        </member>
        <member name="P:Meadow.Foundation.ICs.IOExpanders.Mcp23xxx.DefaultSpiBusMode">
            <summary>
            The default SPI bus mode for the device
            </summary>
        </member>
        <member name="P:Meadow.Foundation.ICs.IOExpanders.Mcp23xxx.SpiBusMode">
            <summary>
            The SPI bus mode for the device
            </summary>
        </member>
        <member name="P:Meadow.Foundation.ICs.IOExpanders.Mcp23xxx.DefaultI2cAddress">
            <summary>
            The default I2C address for the peripheral
            </summary>
        </member>
        <member name="F:Meadow.Foundation.ICs.IOExpanders.Mcp23xxx._lock">
            <summary>
            object for using lock() to do thread sync
            </summary>
        </member>
        <member name="M:Meadow.Foundation.ICs.IOExpanders.Mcp23xxx.#ctor(Meadow.Hardware.II2cBus,System.Byte,Meadow.Hardware.IDigitalInterruptPort,Meadow.Hardware.IDigitalOutputPort)">
            <summary>
            Mcp23xxx base class constructor using I2C
            </summary>
            <param name="i2cBus">The I2C bus</param>
            <param name="address">The I2C address</param>
            <param name="interruptPort">Optional interrupt port, needed for input interrupts (pins 1-8)</param>
            <param name="resetPort">Optional Meadow output port used to reset the mcp expander</param>
        </member>
        <member name="M:Meadow.Foundation.ICs.IOExpanders.Mcp23xxx.#ctor(Meadow.Hardware.ISpiBus,Meadow.Hardware.IDigitalOutputPort,Meadow.Hardware.IDigitalInterruptPort,Meadow.Hardware.IDigitalOutputPort)">
            <summary>
            Mcp23xxx base class constructor using SPI
            </summary>
            <param name="spiBus">The SPI bus</param>
            <param name="chipSelectPort">Chip select port</param>
            <param name="interruptPort">Optional interrupt port, needed for input interrupts (pins 1-8)</param>
            <param name="resetPort">Optional Meadow output port used to reset the mcp expander</param>
        </member>
        <member name="M:Meadow.Foundation.ICs.IOExpanders.Mcp23xxx.Initialize(Meadow.Hardware.IDigitalInterruptPort,Meadow.Hardware.IDigitalOutputPort)">
            <summary>
            Initializes the Mcp23xxx
            </summary>
            <param name="interruptPort">optional interrupt port, needed for input interrupts (pins 1-8)</param>
            <param name="resetPort">Optional Meadow output port used to reset the mcp expander</param>
        </member>
        <member name="M:Meadow.Foundation.ICs.IOExpanders.Mcp23xxx.ResetMcp">
            <summary>
            Reset the MCPxxxx expander
            Requires using a reset port
            </summary>
        </member>
        <member name="M:Meadow.Foundation.ICs.IOExpanders.Mcp23xxx.IsValidPin(Meadow.Hardware.IPin)">
            <summary>
            Checks if a pin exists on the Mcp23xxx
            </summary>
        </member>
        <member name="M:Meadow.Foundation.ICs.IOExpanders.Mcp23xxx.CreateDigitalOutputPort(Meadow.Hardware.IPin,System.Boolean,Meadow.Hardware.OutputType)">
            <summary>
            Creates a new DigitalOutputPort using the specified pin and initial state
            </summary>
            <param name="pin">The pin representing the port</param>
            <param name="initialState">Whether the pin is initially high or low</param>
            <param name="outputType">The output type</param>
            <returns>IDigitalOutputPort</returns>
        </member>
        <member name="M:Meadow.Foundation.ICs.IOExpanders.Mcp23xxx.CreateDigitalInputPort(Meadow.Hardware.IPin,Meadow.Hardware.ResistorMode)">
            <summary>
            Creates a new DigitalInputPort using the specified pin
            </summary>
            <param name="pin">The pin representing the port</param>
            <param name="resistorMode">The port resistor mode</param>
            <returns>IDigitalInputPort</returns>
        </member>
        <member name="M:Meadow.Foundation.ICs.IOExpanders.Mcp23xxx.CreateDigitalInterruptPort(Meadow.Hardware.IPin,Meadow.Hardware.InterruptMode,Meadow.Hardware.ResistorMode)">
            <summary>
            Creates a new DigitalInputPort using the specified pin
            </summary>
            <param name="pin">The pin representing the port</param>
            <param name="interruptMode">The port interrupt mode</param>
            <param name="resistorMode">The port resistor mode</param>
            <returns>IDigitalInterruptPort</returns>
        </member>
        <member name="M:Meadow.Foundation.ICs.IOExpanders.Mcp23xxx.CreateDigitalInterruptPort(Meadow.Hardware.IPin,Meadow.Hardware.InterruptMode,Meadow.Hardware.ResistorMode,System.TimeSpan)">
            <summary>
            Creates a new DigitalInputPort using the specified pin
            </summary>
            <param name="pin">The pin representing the port</param>
            <param name="interruptMode">The port interrupt mode</param>
            <param name="resistorMode">The port resistor mode</param>
            <param name="debounceDuration">The debounce duration</param>
            <returns>IDigitalInterruptPort</returns>
        </member>
        <member name="M:Meadow.Foundation.ICs.IOExpanders.Mcp23xxx.CreateDigitalInterruptPort(Meadow.Hardware.IPin,Meadow.Hardware.InterruptMode,Meadow.Hardware.ResistorMode,System.TimeSpan,System.TimeSpan)">
            <summary>
            Creates a new DigitalInputPort using the specified pin
            </summary>
            <param name="pin">The pin representing the port</param>
            <param name="interruptMode">The port interrupt mode</param>
            <param name="resistorMode">The port resistor mode</param>
            <param name="debounceDuration">The debounce duration</param>
            <param name="glitchDuration">The glitch duration - not configurable on Mcp23xxx</param>
            <returns>IDigitalInterruptPort</returns>
        </member>
        <member name="M:Meadow.Foundation.ICs.IOExpanders.Mcp23xxx.SetPortDirection(Meadow.Hardware.IPin,Meadow.Hardware.PortDirectionType)">
            <summary>
            Sets the direction of a port
            </summary>
            <param name="pin">The pin representing the port</param>
            <param name="direction">The port direction (input or output)</param>
        </member>
        <member name="M:Meadow.Foundation.ICs.IOExpanders.Mcp23xxx.PreValidatedSetPortDirection(Meadow.Hardware.IPin,Meadow.Foundation.ICs.IOExpanders.Mcp23xxx.PortBank,System.Byte,Meadow.Hardware.PortDirectionType)">
            <summary>
            Sets the direction of a port using pre-cached information. This overload
            assumes the pin has been pre-verified as valid.
            </summary>
        </member>
        <member name="M:Meadow.Foundation.ICs.IOExpanders.Mcp23xxx.ConfigureMcpInputPort(Meadow.Hardware.IPin,System.Boolean,Meadow.Hardware.InterruptMode)">
            <summary>
            Configure the hardware port settings on the MCP23xxx
            </summary>
            <param name="pin">The MCP pin associated with the port</param>
            <param name="enablePullUp">Enable the internal pull-up if true</param>
            <param name="interruptMode">Interrupt mode of port</param>
            <exception cref="T:System.Exception">Throw exception if pin is out of range</exception>
        </member>
        <member name="M:Meadow.Foundation.ICs.IOExpanders.Mcp23xxx.WriteToPort(Meadow.Hardware.IPin,System.Boolean)">
            <summary>
            Sets a particular pin's value. If that pin is not 
            in output mode, this method will first set its 
            mode to output.
            </summary>
            <param name="pin">The pin to write to.</param>
            <param name="value">The value to write. True for high, false for low.</param>
        </member>
        <member name="M:Meadow.Foundation.ICs.IOExpanders.Mcp23xxx.ReadPort(Meadow.Hardware.IPin)">
            <summary>
            Gets the value of a particular port. If the port is currently configured
            as an output, this will change the configuration.
            </summary>
            <param name="pin"></param>
            <returns></returns>
        </member>
        <member name="M:Meadow.Foundation.ICs.IOExpanders.Mcp23xxx.WriteToPorts(System.Byte)">
            <summary>
            Outputs a byte value across all of the pins by writing directly 
            to the output latch (OLAT) register
            </summary>
            <param name="mask"></param>
        </member>
        <member name="M:Meadow.Foundation.ICs.IOExpanders.Mcp23xxx.ReadFromPorts(Meadow.Foundation.ICs.IOExpanders.Mcp23xxx.PortBank)">
            <summary>
            Reads a byte value from all of the pins. little-endian; the least
            significant bit is the value of GP0. So a byte value of 0x60, or
            0110 0000, means that pins GP5 and GP6 are high.
            </summary>
            <returns>A little-endian byte mask of the pin values.</returns>
        </member>
        <member name="M:Meadow.Foundation.ICs.IOExpanders.Mcp23xxx.ResetPin(Meadow.Hardware.IPin)">
            <summary>
            Sets the pin back to an input
            </summary>
            <param name="pin"></param>
        </member>
        <member name="M:Meadow.Foundation.ICs.IOExpanders.Mcp23xxx.GetPin(System.String)">
            <summary>
            Get Pin by name
            </summary>
            <param name="pinName">The pin name</param>
            <returns>IPin object if found</returns>
        </member>
        <member name="M:Meadow.Foundation.ICs.IOExpanders.Mcp23xxx.MapRegister(System.Byte,Meadow.Foundation.ICs.IOExpanders.Mcp23xxx.PortBank,Meadow.Foundation.ICs.IOExpanders.Mcp23xxx.PortBankType)">
            <summary>
            Gets the mapped address for a register.
            </summary>
            <param name="address">The register address</param>
            <param name="port">The bank of I/O ports used with the register</param>
            <param name="bankStyle">The bank style that determines how the register addresses are grouped</param>
            <returns>The address of the register</returns>
        </member>
        <member name="M:Meadow.Foundation.ICs.IOExpanders.Mcp23xxx.PreValidatedWriteToPort(Meadow.Hardware.IPin,Meadow.Foundation.ICs.IOExpanders.Mcp23xxx.PortBank,System.Byte,System.Boolean)">
            <summary>
            Sets a particular pin's value. If that pin is not 
            in output mode, this method will first set its 
            mode to output.
            
            This overload takes in cached details that are assumed
            to be accurate for better performance.
            </summary>
        </member>
        <member name="T:Meadow.Foundation.ICs.IOExpanders.Mcp23xxx.DigitalInputPort">
            <summary>
            Represents an Mcp23xxx digital input port
            </summary>
        </member>
        <member name="P:Meadow.Foundation.ICs.IOExpanders.Mcp23xxx.DigitalInputPort.State">
            <inheritdoc/>
        </member>
        <member name="P:Meadow.Foundation.ICs.IOExpanders.Mcp23xxx.DigitalInputPort.Resistor">
            <inheritdoc/>
        </member>
        <member name="M:Meadow.Foundation.ICs.IOExpanders.Mcp23xxx.DigitalInputPort.#ctor(Meadow.Hardware.IPin,Meadow.Hardware.ResistorMode)">
            <summary>
            Create a new DigitalInputPort object
            </summary>
            <param name="pin">The interrupt pin</param>
            <param name="resistorMode">The resistor mode used by the interrupt pin</param>
        </member>
        <member name="M:Meadow.Foundation.ICs.IOExpanders.Mcp23xxx.DigitalInputPort.Update(System.Boolean)">
            <summary>
            Update the port value 
            </summary>
            <param name="newState">The new port state</param>
        </member>
        <member name="T:Meadow.Foundation.ICs.IOExpanders.Mcp23xxx.DigitalInterruptPort">
            <summary>
            Represents an Mcp23xxx digital interrupt port
            </summary>
        </member>
        <member name="P:Meadow.Foundation.ICs.IOExpanders.Mcp23xxx.DigitalInterruptPort.State">
            <inheritdoc/>
        </member>
        <member name="P:Meadow.Foundation.ICs.IOExpanders.Mcp23xxx.DigitalInterruptPort.Resistor">
            <inheritdoc/>
        </member>
        <member name="P:Meadow.Foundation.ICs.IOExpanders.Mcp23xxx.DigitalInterruptPort.DebounceDuration">
            <inheritdoc/>
        </member>
        <member name="P:Meadow.Foundation.ICs.IOExpanders.Mcp23xxx.DigitalInterruptPort.GlitchDuration">
            <inheritdoc/>
        </member>
        <member name="P:Meadow.Foundation.ICs.IOExpanders.Mcp23xxx.DigitalInterruptPort.InterruptMode">
            <inheritdoc/>
        </member>
        <member name="M:Meadow.Foundation.ICs.IOExpanders.Mcp23xxx.DigitalInterruptPort.#ctor(Meadow.Hardware.IPin,Meadow.Hardware.InterruptMode,Meadow.Hardware.ResistorMode)">
            <summary>
            Create a new DigitalInterruptPort object
            </summary>
            <param name="pin">The interrupt pin</param>
            <param name="interruptMode">The interrupt mode used for the interrupt pin</param>
            <param name="resistorMode">The resistor mode used by the interrupt pin</param>
        </member>
        <member name="M:Meadow.Foundation.ICs.IOExpanders.Mcp23xxx.DigitalInterruptPort.Update(System.Boolean)">
            <summary>
            Update the port value 
            </summary>
            <param name="newState">The new port state</param>
        </member>
        <member name="T:Meadow.Foundation.ICs.IOExpanders.Mcp23xxx.DigitalOutputPort">
            <summary>
            Represents an Mcp23xxx DigitalOutputPort 
            </summary>
        </member>
        <member name="T:Meadow.Foundation.ICs.IOExpanders.Mcp23xxx.DigitalOutputPort.SetPinStateDelegate">
            <summary>
            Enable the caller to receive pin state updates
            </summary>
            <param name="pin"></param>
            <param name="state"></param>
        </member>
        <member name="F:Meadow.Foundation.ICs.IOExpanders.Mcp23xxx.DigitalOutputPort.SetPinState">
            <summary>
            The SetPinState delegate 
            </summary>
        </member>
        <member name="P:Meadow.Foundation.ICs.IOExpanders.Mcp23xxx.DigitalOutputPort.State">
            <summary>
            The port state
            True for high, false for low
            </summary>
        </member>
        <member name="M:Meadow.Foundation.ICs.IOExpanders.Mcp23xxx.DigitalOutputPort.#ctor(Meadow.Hardware.IPin,System.Boolean,Meadow.Hardware.OutputType)">
            <summary>
            Create a new DigitalOutputPort 
            </summary>
            <param name="pin">The pin representing the port</param>
            <param name="initialState">The initial port state</param>
            <param name="outputType">An IPin instance</param>
        </member>
        <member name="T:Meadow.Foundation.ICs.IOExpanders.Mcp23xxx.Addresses">
            <summary>
            Valid I2C addresses for the sensor
            </summary>
        </member>
        <member name="F:Meadow.Foundation.ICs.IOExpanders.Mcp23xxx.Addresses.Address_0x20">
            <summary>
            Bus address 0x20
            </summary>
        </member>
        <member name="F:Meadow.Foundation.ICs.IOExpanders.Mcp23xxx.Addresses.Address_0x21">
            <summary>
            Bus address 0x21
            </summary>
        </member>
        <member name="F:Meadow.Foundation.ICs.IOExpanders.Mcp23xxx.Addresses.Address_0x22">
            <summary>
            Bus address 0x22
            </summary>
        </member>
        <member name="F:Meadow.Foundation.ICs.IOExpanders.Mcp23xxx.Addresses.Address_0x23">
            <summary>
            Bus address 0x23
            </summary>
        </member>
        <member name="F:Meadow.Foundation.ICs.IOExpanders.Mcp23xxx.Addresses.Address_0x24">
            <summary>
            Bus address 0x24
            </summary>
        </member>
        <member name="F:Meadow.Foundation.ICs.IOExpanders.Mcp23xxx.Addresses.Address_0x25">
            <summary>
            Bus address 0x25
            </summary>
        </member>
        <member name="F:Meadow.Foundation.ICs.IOExpanders.Mcp23xxx.Addresses.Address_0x26">
            <summary>
            Bus address 0x26
            </summary>
        </member>
        <member name="F:Meadow.Foundation.ICs.IOExpanders.Mcp23xxx.Addresses.Address_0x27">
            <summary>
            Bus address 0x27
            </summary>
        </member>
        <member name="F:Meadow.Foundation.ICs.IOExpanders.Mcp23xxx.Addresses.Default">
            <summary>
            Default bus address
            </summary>
        </member>
        <member name="T:Meadow.Foundation.ICs.IOExpanders.Mcp23xxx.PortBankType">
            <summary>
            The MCP23xxx family has an address mapping concept for accessing registers.
            This provides a way to easily address registers by group or type. This is only
            relevant for 16-bit devices where it has two banks (Port A and B) of 8-bit
            GPIO pins.
            </summary>
        </member>
        <member name="F:Meadow.Foundation.ICs.IOExpanders.Mcp23xxx.PortBankType.Segregated">
             <summary>
             This mode is used by 16-bit devices - it treats the two 8-bit banks as one 16-bit bank
             </summary>
             <remarks>
             Each of the registers are interleaved so that sending two bytes in a
             row will set the equivalent register for the second bank. This way you
             can set all 16 GPIO pins/settings with one command sequence.
            
             Note that this behavior is also dependent on the default behavior
             of IOCON.SEQOP = 0 (the default) which automatically increments the
             register address as bytes come in.
            
             This is IOCON.BANK = 0 and is the default.
             </remarks>
        </member>
        <member name="F:Meadow.Foundation.ICs.IOExpanders.Mcp23xxx.PortBankType.Paired">
             <summary>
             This mode keeps the two 8-bit banks registers separate
             </summary>
             <remarks>
             While this keeps the register addresses for bank A the same as the
             8-bit controllers it requires sending a separate command sequence to
             set all 16-bits as the second bank's register addresses are not
             sequential.
            
             Changing IOCON.SEQOP to 1 (not the default) will cause the
             register address pointer to toggle between Port A and B for the
             given register if in this mode.
            
             This is IOCON.BANK = 1
             </remarks>
        </member>
        <member name="T:Meadow.Foundation.ICs.IOExpanders.Mcp23xxx.PortBank">
            <summary>
            The I/O port bank for 16 pin devices
            </summary>
            <remarks>
            16-bit controllers are logically separated into two 8-bit ports. 8-bit
            controllers only have one "port" of GPIO pins and ignore the bank setting
            </remarks>
        </member>
        <member name="F:Meadow.Foundation.ICs.IOExpanders.Mcp23xxx.PortBank.A">
            <summary>
            The first set / bank of 8 GPIO pins
            </summary>
        </member>
        <member name="F:Meadow.Foundation.ICs.IOExpanders.Mcp23xxx.PortBank.B">
            <summary>
            The second set /bank of 8 GPIO pins (Mcp23x1x only)
            </summary>
        </member>
        <member name="T:Meadow.Foundation.ICs.IOExpanders.Mcp23xxx.Registers">
            <summary>
            Mcp23xxx registers class
            </summary>
        </member>
        <member name="F:Meadow.Foundation.ICs.IOExpanders.Mcp23xxx.Registers.IODIR_IODirection">
            <summary>
            IODIR Controls the direction of the data I/O
            </summary>
            <remarks>
            When a bit is set, the corresponding pin becomes an input. When
            a bit is clear, the corresponding pin becomes an output.
            </remarks>
        </member>
        <member name="F:Meadow.Foundation.ICs.IOExpanders.Mcp23xxx.Registers.IPOL_InputPolarity">
            <summary>
            IPOL. The IPOL register allows the user to configure the
            polarity on the corresponding GPIO port bits.
            </summary>
            <remarks>
            If a bit is set, the corresponding GPIO register bit will
            reflect the inverted value on the pin.
            </remarks>
        </member>
        <member name="F:Meadow.Foundation.ICs.IOExpanders.Mcp23xxx.Registers.GPINTEN_InterruptOnChange">
            <summary>
            GPINTEN. The GPINTEN register controls the interrupt-on-change
            feature for each pin.
            </summary>
            <remarks>
            If a bit is set, the corresponding pin is enabled for
            interrupt-on-change. The DEFVAL and INTCON registers must also
            be configured if any pins are enabled for interrupt-on-change.
            </remarks>
        </member>
        <member name="F:Meadow.Foundation.ICs.IOExpanders.Mcp23xxx.Registers.DEFVAL_DefaultComparisonValue">
            <summary>
            DEFVAL. The default comparison value is configured in the DEFVAL
            register. If enabled (via GPINTEN and INTCON) to compare against
            the DEFVAL register, an opposite value on the associated pin
            will cause an interrupt to occur.
            </summary>
        </member>
        <member name="F:Meadow.Foundation.ICs.IOExpanders.Mcp23xxx.Registers.INTCON_InterruptControl">
            <summary>
            INTCON. 
            </summary>
            <remarks>
            The INTCON register controls how the associated pin value is
            compared for the interrupt-on-change feature. If a bit is set,
            the corresponding I/O pin is compared against the associated bit
            in the DEFVAL register. If a bit value is clear, the
            corresponding I/O pin is compared against the previous value.
            </remarks>
        </member>
        <member name="F:Meadow.Foundation.ICs.IOExpanders.Mcp23xxx.Registers.IOCON_IOConfiguration">
            <summary>
            IOCON
            </summary>
            <remarks>
            The IOCON register contains several bits for configuring the device:
            * The SequentialOperation (SEQOP) controls the incrementing function
            of the address pointer.If the address pointer is disabled, the
            address pointer does not automatically increment after each byte
            is clocked during a serial transfer.This feature is useful when
            it is desired to continuously poll(read) or modify(write) a register.
            * The SlewRate (DISSLW) bit controls the slew rate function on the
            SDA pin. If enabled, the SDA slew rate will be controlled when
            driving from a high to a low.
            * The HardwareAddressEnable (HAEN) control bit enables/disables the
            hardware address pins (A1, A0) on the MCP23S08. This bit is not
            used on the MCP23008. The address pins are always enabled on the
            MCP23008.
            * The Open-Drain (ODR) control bit enables/disables the INT pin for
            open-drain configuration.
            * The InterruptPolarity (INTPOL) control bit sets the polarity of
            the INT pin. This bit is functional only when the ODR bit is
            cleared, configuring the INT pin as active push-pull.
            </remarks>
        </member>
        <member name="F:Meadow.Foundation.ICs.IOExpanders.Mcp23xxx.Registers.GPPU_PullupResistorConfiguration">
            <summary>
            GPPU. 
            </summary>
            <remarks>
            The GPPU register controls the pull-up resistors for the port
            pins. If a bit is set and the corresponding pin is configured as
            an input, the corresponding port pin is internally pulled up
            with a 100kΩ resistor.
            </remarks>
        </member>
        <member name="F:Meadow.Foundation.ICs.IOExpanders.Mcp23xxx.Registers.INTF_InterruptFlag">
             <summary>
             INTF
             </summary>
             <remarks>
             The INTF register reflects the interrupt condition on the port
             pins of any pin that is enabled for interrupts via the GPINTEN
             register. A ‘set’ bit indicates that the associated pin caused
             the interrupt.
             This register is ‘read-only’. Writes to this register will be
             ignored.
            
             **NOTE**: INTF will always reflect the pin(s) that have an
             interrupt condition. For example, one pin causes an interrupt
             to occur and is captured in INTCAP and INF. If before clearing
             the interrupt another pin changes, which would normally cause an
             interrupt, it will be reflected in INTF, but not INTCAP.
             </remarks>
        </member>
        <member name="F:Meadow.Foundation.ICs.IOExpanders.Mcp23xxx.Registers.INTCAP_InterruptCapture">
            <summary>
            INTCAP
            </summary>
            <remarks>
            The INTCAP register captures the GPIO port value at the time the
            interrupt occurred. The register is ‘read- only’ and is updated
            only when an interrupt occurs. The register will remain unchanged
            until the interrupt is cleared via a read of INTCAP or GPIO.
            </remarks>
        </member>
        <member name="F:Meadow.Foundation.ICs.IOExpanders.Mcp23xxx.Registers.GPIO">
            <summary>
            GPIO. The GPIO module contains the data port (GPIO), internal
            pull up resistors and the Output Latches (OLAT).
            </summary>
            <remarks>
            Reading the GPIO register reads the value on the port. Reading
            the OLAT register only reads the OLAT, not the actual value on
            the port.
            Writing to the GPIO register actually causes a write to the
            OLAT. Writing to the OLAT register forces the associated
            output drivers to drive to the level in OLAT. Pins configured
            as inputs turn off the associated output driver and put it in
            high-impedance.
            </remarks>
        </member>
        <member name="F:Meadow.Foundation.ICs.IOExpanders.Mcp23xxx.Registers.OutputLatch">
            <summary>
            OLAT
            </summary>
            <remarks>
            The OLAT register provides access to the output latches. A read
            from this register results in a read of the OLAT and not the
            port itself. A write to this register modifies the output
            latches that modify the pins configured as outputs.
            </remarks>
        </member>
        <member name="T:Meadow.Foundation.ICs.IOExpanders.IOExpanderInputChangedEventArgs">
            <summary>
            IOExpanderInputChangedEventArgs class
            </summary>
        </member>
        <member name="P:Meadow.Foundation.ICs.IOExpanders.IOExpanderInputChangedEventArgs.InterruptPins">
            <summary>
            Which pins were interrupted
            </summary>
        </member>
        <member name="P:Meadow.Foundation.ICs.IOExpanders.IOExpanderInputChangedEventArgs.InputState">
            <summary>
            The values of pins that were interrupted
            </summary>
        </member>
        <member name="M:Meadow.Foundation.ICs.IOExpanders.IOExpanderInputChangedEventArgs.#ctor(System.Byte,System.UInt16)">
            <summary>
            Create a new IOExpanderInputChangedEventArgs object
            </summary>
            <param name="interruptPins">The interrupt pins</param>
            <param name="inputState">The input state</param>
        </member>
    </members>
</doc>
