<?xml version="1.0"?>
<doc>
    <assembly>
        <name>Meadow.Logging</name>
    </assembly>
    <members>
        <member name="T:Meadow.Logging.ConsoleLogProvider">
            <summary>
            A Log Provider that outputs to the System Console
            </summary>
        </member>
        <member name="P:Meadow.Logging.ConsoleLogProvider.ShowLogLevel">
            <summary>
            When true, the current log level will be prefixed to all logged messages
            </summary>
        </member>
        <member name="P:Meadow.Logging.ConsoleLogProvider.ShowMessageGroup">
            <summary>
            When true, the current message group will be prefixed to all logged messages
            </summary>
        </member>
        <member name="M:Meadow.Logging.ConsoleLogProvider.Log(Meadow.Logging.LogLevel,System.String,System.String)">
            <inheritdoc/>
        </member>
        <member name="T:Meadow.Logging.DebugLogProvider">
            <summary>
            A Log Provider that outputs to the System Diagnostics Debug output
            </summary>
        </member>
        <member name="M:Meadow.Logging.DebugLogProvider.Log(Meadow.Logging.LogLevel,System.String,System.String)">
            <inheritdoc/>
        </member>
        <member name="T:Meadow.Logging.ILogProvider">
            <summary>
            Interface for Log Providers
            </summary>
        </member>
        <member name="M:Meadow.Logging.ILogProvider.Log(Meadow.Logging.LogLevel,System.String,System.String)">
            <summary>
            Called when the associated Logger has a message call
            </summary>
            <param name="level">The LogLevel for the message</param>
            <param name="message">The message to log</param>
            <param name="messageGroup">The (optional) log message groupd</param>
        </member>
        <member name="T:Meadow.Logging.Logger">
            <summary>
            Class encapsulating logging providers and functions
            </summary>
        </member>
        <member name="T:Meadow.Logging.Logger.MessageGroup">
            <summary>
            Defines message groups for categorizing log messages.
            </summary>
        </member>
        <member name="F:Meadow.Logging.Logger.MessageGroup.All">
            <summary>
            Represents all log messages.
            </summary>
        </member>
        <member name="F:Meadow.Logging.Logger.MessageGroup.OS">
            <summary>
            Represents the operating system-related log messages.
            </summary>
        </member>
        <member name="F:Meadow.Logging.Logger.MessageGroup.Core">
            <summary>
            Represents the core system-related log messages.
            </summary>
        </member>
        <member name="F:Meadow.Logging.Logger.MessageGroup.Application">
            <summary>
            Represents the application-specific log messages.
            </summary>
        </member>
        <member name="F:Meadow.Logging.Logger.MessageGroup.Esp">
            <summary>
            Represents the log messages related to the ESP coprocessor.
            </summary>
        </member>
        <member name="P:Meadow.Logging.Logger.GroupsToShow">
            <summary>
            Gets the list of groups used for displaying log messages.
            </summary>
            <remarks>
            To show message from all groups, either use `MessageGroup.All` <i>or</i> clear the ShowsGroups list
            </remarks>
        </member>
        <member name="P:Meadow.Logging.Logger.ShowGroup">
            <summary>
            Gets or sets a value indicating whether to show message groups in log messages
            </summary>
        </member>
        <member name="P:Meadow.Logging.Logger.ShowTicks">
            <summary>
            Gets or sets a value indicating whether to show ticks in log messages
            </summary>
        </member>
        <member name="P:Meadow.Logging.Logger.LogLevel">
            <summary>
            Gets or sets the current log level
            </summary>
        </member>
        <member name="M:Meadow.Logging.Logger.#ctor(Meadow.Logging.ILogProvider[])">
            <summary>
            Creates a Logger instance
            </summary>
            <param name="providers">A collection of providers to add to the Logger</param>
        </member>
        <member name="M:Meadow.Logging.Logger.#ctor(Meadow.Logging.ILogProvider)">
            <summary>
            Creates a Logger instance
            </summary>
            <param name="provider">A provider to add to the Logger</param>
        </member>
        <member name="M:Meadow.Logging.Logger.#ctor">
            <summary>
            Creates a Logger instance
            </summary>
        </member>
        <member name="M:Meadow.Logging.Logger.AddProvider(Meadow.Logging.ILogProvider)">
            <summary>
            Adds an ILogProvider to the providers collection
            </summary>
            <param name="provider"></param>
        </member>
        <member name="M:Meadow.Logging.Logger.Trace(System.String,System.String)">
            <summary>
            Sends a Trace-level message to all ILogProviders
            </summary>
            <param name="message">The message to send to Providers</param>
            <param name="messageGroup">The (optional) message group</param>
        </member>
        <member name="M:Meadow.Logging.Logger.TraceIf(System.Boolean,System.String,System.String)">
            <summary>
            Conditionally sends a Trace-level message to all ILogProviders
            </summary>
            <param name="condition">The message will be sent to Providers only when this is true</param>
            <param name="message">The message to send to Providers</param>
            <param name="messageGroup">The (optional) message group</param>
        </member>
        <member name="M:Meadow.Logging.Logger.Debug(System.String,System.String)">
            <summary>
            Sends a Debug-level message to all ILogProviders
            </summary>
            <param name="message">The message to send to Providers</param>
            <param name="messageGroup">The (optional) message group</param>
        </member>
        <member name="M:Meadow.Logging.Logger.DebugIf(System.Boolean,System.String,System.String)">
            <summary>
            Conditionally sends a Debug-level message to all ILogProviders
            </summary>
            <param name="condition">The message will be sent to Providers only when this is true</param>
            <param name="message">The message to send to Providers</param>
            <param name="messageGroup">The (optional) message group</param>
        </member>
        <member name="M:Meadow.Logging.Logger.Info(System.String,System.String)">
            <summary>
            Sends an Info-level message to all ILogProviders
            </summary>
            <param name="message">The message to send to Providers</param>
            <param name="messageGroup">The (optional) message group</param>
        </member>
        <member name="M:Meadow.Logging.Logger.InfoIf(System.Boolean,System.String,System.String)">
            <summary>
            Conditionally sends a Info-level message to all ILogProviders
            </summary>
            <param name="condition">The message will be sent to Providers only when this is true</param>
            <param name="message">The message to send to Providers</param>
            <param name="messageGroup">The (optional) message group</param>
        </member>
        <member name="M:Meadow.Logging.Logger.Warn(System.String,System.String)">
            <summary>
            Sends a Warn-level message to all ILogProviders
            </summary>
            <param name="message">The message to send to Providers</param>
            <param name="messageGroup">The (optional) message group</param>
        </member>
        <member name="M:Meadow.Logging.Logger.WarnIf(System.Boolean,System.String,System.String)">
            <summary>
            Conditionally sends a Warn-level message to all ILogProviders
            </summary>
            <param name="condition">The message will be sent to Providers only when this is true</param>
            <param name="message">The message to send to Providers</param>
            <param name="messageGroup">The (optional) message group</param>
        </member>
        <member name="M:Meadow.Logging.Logger.Error(System.Exception,System.String)">
            <summary>
            Sends a Error-level message to all ILogProviders
            </summary>
            <param name="exception">The exception to translate and send to Providers</param>
            <param name="messageGroup">The (optional) message group</param>
        </member>
        <member name="M:Meadow.Logging.Logger.Error(System.String,System.String)">
            <summary>
            Sends a Error-level message to all ILogProviders
            </summary>
            <param name="message">The message to send to Providers</param>
            <param name="messageGroup">The (optional) message group</param>
        </member>
        <member name="M:Meadow.Logging.Logger.ErrorIf(System.Boolean,System.String,System.String)">
            <summary>
            Conditionally sends a Error-level message to all ILogProviders
            </summary>
            <param name="condition">The message will be sent to Providers only when this is true</param>
            <param name="message">The message to send to Providers</param>
            <param name="messageGroup">The (optional) message group</param>
        </member>
        <member name="T:Meadow.Logging.LogLevel">
            <summary>
            Logging Level
            </summary>
        </member>
        <member name="F:Meadow.Logging.LogLevel.Trace">
            <summary>
            Trace or higher
            </summary>
        </member>
        <member name="F:Meadow.Logging.LogLevel.Debug">
            <summary>
            Debug or higher
            </summary>
        </member>
        <member name="F:Meadow.Logging.LogLevel.Information">
            <summary>
            Info or higher
            </summary>
        </member>
        <member name="F:Meadow.Logging.LogLevel.Warning">
            <summary>
            Warning or higher
            </summary>
        </member>
        <member name="F:Meadow.Logging.LogLevel.Error">
            <summary>
            Error or higher
            </summary>
        </member>
        <member name="F:Meadow.Logging.LogLevel.None">
            <summary>
            No logging (disabled)
            </summary>
        </member>
        <member name="T:Meadow.Logging.LogProviderCollection">
            <summary>
            A collection of ILogProviders
            </summary>
        </member>
        <member name="M:Meadow.Logging.LogProviderCollection.Add(Meadow.Logging.ILogProvider)">
            <summary>
            Adds a Provider to the collection
            </summary>
            <param name="provider"></param>
        </member>
        <member name="M:Meadow.Logging.LogProviderCollection.GetEnumerator">
            <summary>
            Gets an Enumerator for the collection
            </summary>
            <returns></returns>
        </member>
    </members>
</doc>
