<?xml version="1.0"?>
<doc>
    <assembly>
        <name>Meadow.Modbus</name>
    </assembly>
    <members>
        <member name="T:Meadow.Modbus.Extensions">
            <summary>
            Extension methods for Modbus functions
            </summary>
        </member>
        <member name="M:Meadow.Modbus.Extensions.ConvertRegistersToInt32(System.UInt16[])">
            <summary>
            Converts a set of Modbus registers (ushort[]) to integers (int[]) assuming little-endina ordering
            </summary>
            <param name="registers"></param>
            <returns></returns>
        </member>
        <member name="M:Meadow.Modbus.Extensions.ExtractInt32(System.Span{System.UInt16},System.Int32,System.Boolean)">
            <summary>
            Converts ushort registers to a single Int32, starting at a specific offset
            </summary>
            <param name="registers">The registers</param>
            <param name="startOffset">The offset in the registers to begine extraction</param>
            <param name="swappedWords">True to convert from big-endian words</param>
        </member>
        <member name="M:Meadow.Modbus.Extensions.ExtractUInt32(System.Span{System.UInt16},System.Int32,System.Boolean)">
            <summary>
            Converts ushort registers to a single UInt32, starting at a specific offset
            </summary>
            <param name="registers">The registers</param>
            <param name="startOffset">The offset in the registers to begine extraction</param>
            <param name="swappedWords">True to convert from big-endian words</param>
        </member>
        <member name="M:Meadow.Modbus.Extensions.ExtractInt64(System.Span{System.UInt16},System.Int32,System.Boolean)">
            <summary>
            Converts ushort registers to a single Int64, starting at a specific offset
            </summary>
            <param name="registers">The registers</param>
            <param name="startOffset">The offset in the registers to begine extraction</param>
            <param name="swappedWords">True to convert from big-endian words</param>
        </member>
        <member name="M:Meadow.Modbus.Extensions.ExtractUInt64(System.Span{System.UInt16},System.Int32,System.Boolean)">
            <summary>
            Converts ushort registers to a single UInt64, starting at a specific offset
            </summary>
            <param name="registers">The registers</param>
            <param name="startOffset">The offset in the registers to begine extraction</param>
            <param name="swappedWords">True to convert from big-endian words</param>
        </member>
        <member name="M:Meadow.Modbus.Extensions.ExtractDouble(System.Span{System.UInt16},System.Int32,System.Boolean)">
            <summary>
            Converts 4 ushort registers to a IEEE 64 floating point, starting at a specific offset
            </summary>
            <param name="registers">The registers</param>
            <param name="startOffset">The offset in the registers to begine extraction</param>
            <param name="swappedWords">True to convert from big-endian words</param>
        </member>
        <member name="M:Meadow.Modbus.Extensions.ExtractSingle(System.Span{System.UInt16},System.Int32,System.Boolean)">
            <summary>
            Converts 2 ushort registers to a IEEE 32 floating point, starting at a specific offset
            </summary>
            <param name="registers">The registers</param>
            <param name="startOffset">The offset in the registers to begine extraction</param>
            <param name="swappedWords">True to convert from big-endian words</param>
        </member>
        <member name="M:Meadow.Modbus.Extensions.ExtractMod10_48(System.Span{System.UInt16})">
            <summary>
            Converts three UInt16 values into an unsigned 48-bit Mod10 (modulo 10000) format (returned as an Int64).
            </summary>
            <param name="registers">The registers</param>
        </member>
        <member name="M:Meadow.Modbus.Extensions.ExtractMod10_64(System.Span{System.UInt16})">
            <summary>
            Converts four UInt16 values into an unsigned 48-bit Mod10 (modulo 10000) format (returned as an Int64).
            </summary>
            <param name="registers">The registers</param>
        </member>
        <member name="T:Meadow.Modbus.IModbusBusClient">
            <summary>
            Interface for a Modbus bus client.
            </summary>
        </member>
        <member name="E:Meadow.Modbus.IModbusBusClient.Disconnected">
            <summary>
            Event that is raised when the client is disconnected.
            </summary>
        </member>
        <member name="E:Meadow.Modbus.IModbusBusClient.Connected">
            <summary>
            Event that is raised when the client is connected.
            </summary>
        </member>
        <member name="P:Meadow.Modbus.IModbusBusClient.IsConnected">
            <summary>
            Gets a value indicating whether the client is connected.
            </summary>
        </member>
        <member name="M:Meadow.Modbus.IModbusBusClient.Connect">
            <summary>
            Asynchronously connects the client.
            </summary>
            <returns>A <see cref="T:System.Threading.Tasks.Task"/> representing the asynchronous operation.</returns>
        </member>
        <member name="M:Meadow.Modbus.IModbusBusClient.Disconnect">
            <summary>
            Disconnects the client.
            </summary>
        </member>
        <member name="M:Meadow.Modbus.IModbusBusClient.WriteHoldingRegister(System.Byte,System.UInt16,System.UInt16,System.Boolean)">
            <summary>
            Writes a single value to the given register on a device
            </summary>
            <param name="modbusAddress"></param>
            <param name="register"></param>
            <param name="value"></param>
            <param name="addressIsLogical">If the address is a Modbus logical address, 40001 will be subtracted to get the register address.</param>
        </member>
        <member name="M:Meadow.Modbus.IModbusBusClient.WriteHoldingRegisters(System.Byte,System.UInt16,System.Collections.Generic.IEnumerable{System.UInt16},System.Boolean)">
            <summary>
            Writes multiple values to holding registers (modbus function 16)
            </summary>
            <param name="modbusAddress">The target device modbus address</param>
            <param name="startRegister">The first register to begin writing</param>
            <param name="values">The registers (16-bit values) to write</param>
            <param name="addressIsLogical">If the address is a Modbus logical address, 40001 will be subtracted to get the register address.</param>
            <returns></returns>
        </member>
        <member name="M:Meadow.Modbus.IModbusBusClient.ReadHoldingRegisters(System.Byte,System.UInt16,System.Int32,System.Boolean)">
            <summary>
            Reads the requested number of holding registers from a device
            </summary>
            <param name="modbusAddress"></param>
            <param name="startRegister"></param>
            <param name="registerCount"></param>
            <param name="addressIsLogical">If the address is a Modbus logical address, 40001 will be subtracted to get the register address.</param>
            <returns></returns>
        </member>
        <member name="M:Meadow.Modbus.IModbusBusClient.ReadHoldingRegistersFloat(System.Byte,System.UInt16,System.Int32)">
            <summary>
            Reads the requested number of floats from the holding registers
            Each float is two sequential registers
            </summary>
            <param name="modbusAddress"></param>
            <param name="startRegister"></param>
            <param name="floatCount"></param>
            <returns></returns>
        </member>
        <member name="M:Meadow.Modbus.IModbusBusClient.WriteCoil(System.Byte,System.UInt16,System.Boolean)">
            <summary>
            Writes a coil value to the given register on a device.
            </summary>
            <param name="modbusAddress">The Modbus address of the device.</param>
            <param name="register">The register to write to.</param>
            <param name="value">The value to write.</param>
            <returns>A <see cref="T:System.Threading.Tasks.Task"/> representing the asynchronous operation.</returns>
        </member>
        <member name="M:Meadow.Modbus.IModbusBusClient.WriteMultipleCoils(System.Byte,System.UInt16,System.Collections.Generic.IEnumerable{System.Boolean})">
            <summary>
            Writes multiple coil values to the given registers on a device.
            </summary>
            <param name="modbusAddress">The Modbus address of the device.</param>
            <param name="startRegister">The first register to begin writing.</param>
            <param name="values">The coil values to write.</param>
            <returns>A <see cref="T:System.Threading.Tasks.Task"/> representing the asynchronous operation.</returns>
        </member>
        <member name="M:Meadow.Modbus.IModbusBusClient.ReadCoils(System.Byte,System.UInt16,System.Int32)">
            <summary>
            Reads the requested number of coils from a device.
            </summary>
            <param name="modbusAddress">The Modbus address of the device.</param>
            <param name="startCoil">The first coil to begin reading.</param>
            <param name="coilCount">The number of coils to read.</param>
            <returns>An array of coil values read from the device.</returns>
        </member>
        <member name="T:Meadow.Modbus.ModbusClientBase">
            <summary>
            Base class for a Modbus client.
            </summary>
        </member>
        <member name="E:Meadow.Modbus.ModbusClientBase.Disconnected">
            <summary>
            Event triggered when the client is disconnected.
            </summary>
        </member>
        <member name="E:Meadow.Modbus.ModbusClientBase.Connected">
            <summary>
            Event triggered when the client is connected.
            </summary>
        </member>
        <member name="P:Meadow.Modbus.ModbusClientBase.IsDisposed">
            <summary>
            Gets a value indicating whether the client is disposed.
            </summary>
        </member>
        <member name="M:Meadow.Modbus.ModbusClientBase.GenerateWriteMessage(System.Byte,Meadow.Modbus.ModbusFunction,System.UInt16,System.Byte[])">
            <summary>
            Generates the message for writing data to a Modbus device.
            </summary>
        </member>
        <member name="M:Meadow.Modbus.ModbusClientBase.GenerateReadMessage(System.Byte,Meadow.Modbus.ModbusFunction,System.UInt16,System.Int32)">
            <summary>
            Generates the message for reading data from a Modbus device.
            </summary>
        </member>
        <member name="M:Meadow.Modbus.ModbusClientBase.DeliverMessage(System.Byte[])">
            <summary>
            Delivers the Modbus message to the device.
            </summary>
        </member>
        <member name="M:Meadow.Modbus.ModbusClientBase.ReadResult(Meadow.Modbus.ModbusFunction)">
            <summary>
            Reads the result of the Modbus function.
            </summary>
        </member>
        <member name="M:Meadow.Modbus.ModbusClientBase.Connect">
            <summary>
            Connects to the Modbus device.
            </summary>
        </member>
        <member name="M:Meadow.Modbus.ModbusClientBase.Disconnect">
            <summary>
            Disconnects from the Modbus device.
            </summary>
        </member>
        <member name="M:Meadow.Modbus.ModbusClientBase.DisposeManagedResources">
            <summary>
            Releases the managed resources used by the Modbus client.
            </summary>
        </member>
        <member name="M:Meadow.Modbus.ModbusClientBase.DisposeUnmanagedResources">
            <summary>
            Releases the unmanaged resources used by the Modbus client.
            </summary>
        </member>
        <member name="M:Meadow.Modbus.ModbusClientBase.Dispose(System.Boolean)">
            <summary>
            Disposes of the Modbus client.
            </summary>
            <param name="disposing">True if called from user code; false if called from the finalizer.</param>
        </member>
        <member name="M:Meadow.Modbus.ModbusClientBase.Dispose">
            <summary>
            Disposes of the Modbus client.
            </summary>
        </member>
        <member name="P:Meadow.Modbus.ModbusClientBase.IsConnected">
            <summary>
            Gets or sets a value indicating whether the client is connected to the Modbus device.
            </summary>
        </member>
        <member name="P:Meadow.Modbus.ModbusClientBase.Timeout">
            <summary>
            Gets or sets the Timeout value for reading / writing to a Modbus device.
            </summary>
        </member>
        <member name="M:Meadow.Modbus.ModbusClientBase.WriteHoldingRegister(System.Byte,System.UInt16,System.UInt16,System.Boolean)">
            <summary>
            Writes a single value to a holding register on the Modbus device.
            </summary>
            <param name="modbusAddress">The Modbus device address.</param>
            <param name="register">The register number to write to.</param>
            <param name="value">The value to write to the register.</param>
            <param name="addressIsLogical">If the address is a Modbus logical address, 40001 will be subtracted to get the register address.</param>
        </member>
        <member name="M:Meadow.Modbus.ModbusClientBase.WriteHoldingRegisters(System.Byte,System.UInt16,System.Collections.Generic.IEnumerable{System.UInt16},System.Boolean)">
            <summary>
            Writes multiple values to consecutive holding registers on the Modbus device.
            </summary>
            <param name="modbusAddress">The Modbus device address.</param>
            <param name="startRegister">The starting register number to write to.</param>
            <param name="values">The values to write to the registers.</param>
            <param name="addressIsLogical">If the address is a Modbus logical address, 40001 will be subtracted to get the register address.</param>
        </member>
        <member name="M:Meadow.Modbus.ModbusClientBase.ReadHoldingRegistersFloat(System.Byte,System.UInt16,System.Int32)">
            <summary>
            Reads floating point values from holding registers on the Modbus device.
            </summary>
            <param name="modbusAddress">The Modbus device address.</param>
            <param name="startRegister">The starting register number to read from.</param>
            <param name="floatCount">The number of floating point values to read.</param>
            <returns>An array of floating point values.</returns>
        </member>
        <member name="M:Meadow.Modbus.ModbusClientBase.ReadHoldingRegisters(System.Byte,System.UInt16,System.Int32,System.Boolean)">
            <summary>
            Reads holding registers from the Modbus device.
            </summary>
            <param name="modbusAddress">The Modbus device address.</param>
            <param name="startRegister">The starting register number to read from.</param>
            <param name="registerCount">The number of registers to read.</param>
            <returns>An array of ushort values representing the registers.</returns>
            <param name="addressIsLogical">If the address is a Modbus logical address, 40001 will be subtracted to get the register address.</param>
        </member>
        <member name="M:Meadow.Modbus.ModbusClientBase.ReadInputRegisters(System.Byte,System.UInt16,System.Int32,System.Boolean)">
            <summary>
            Reads input registers from the Modbus device.
            </summary>
            <param name="modbusAddress">The Modbus device address.</param>
            <param name="startRegister">The starting register number to read from.</param>
            <param name="registerCount">The number of registers to read.</param>
            <param name="addressIsLogical">If the address is a Modbus logical address, 30001 will be subtracted to get the register address.</param>
            <returns>An array of ushort values representing the registers.</returns>
        </member>
        <member name="M:Meadow.Modbus.ModbusClientBase.WriteCoil(System.Byte,System.UInt16,System.Boolean)">
            <inheritdoc/>
        </member>
        <member name="M:Meadow.Modbus.ModbusClientBase.WriteMultipleCoils(System.Byte,System.UInt16,System.Collections.Generic.IEnumerable{System.Boolean})">
            <inheritdoc/>
        </member>
        <member name="M:Meadow.Modbus.ModbusClientBase.ReadCoils(System.Byte,System.UInt16,System.Int32)">
            <inheritdoc/>
        </member>
        <member name="T:Meadow.Modbus.ModbusRtuClient">
            <summary>
            Modbus RTU client implementation.
            </summary>
        </member>
        <member name="P:Meadow.Modbus.ModbusRtuClient.PortName">
            <summary>
            Gets the name of the port used by the Modbus RTU client.
            </summary>
        </member>
        <member name="P:Meadow.Modbus.ModbusRtuClient.PostOpenAction">
            <summary>
            Gets or sets the action to be executed after the port is opened.
            </summary>
        </member>
        <member name="P:Meadow.Modbus.ModbusRtuClient.PostWriteDelayAction">
            <summary>
            Gets or sets the action to be executed after a write delay.
            </summary>
        </member>
        <member name="M:Meadow.Modbus.ModbusRtuClient.#ctor(Meadow.Hardware.ISerialPort,Meadow.Hardware.IDigitalOutputPort)">
            <summary>
            Initializes a new instance of the <see cref="T:Meadow.Modbus.ModbusRtuClient"/> class.
            </summary>
            <param name="port">The serial port to use for communication.</param>
            <param name="enablePort">The optional digital output port for enabling communication.</param>
        </member>
        <member name="M:Meadow.Modbus.ModbusRtuClient.DisposeManagedResources">
            <inheritdoc/>
        </member>
        <member name="M:Meadow.Modbus.ModbusRtuClient.Connect">
            <inheritdoc/>
        </member>
        <member name="M:Meadow.Modbus.ModbusRtuClient.Disconnect">
            <inheritdoc/>
        </member>
        <member name="M:Meadow.Modbus.ModbusRtuClient.ReadResult(Meadow.Modbus.ModbusFunction)">
            <inheritdoc/>
        </member>
        <member name="M:Meadow.Modbus.ModbusRtuClient.DeliverMessage(System.Byte[])">
            <inheritdoc/>
        </member>
        <member name="M:Meadow.Modbus.ModbusRtuClient.GenerateReadMessage(System.Byte,Meadow.Modbus.ModbusFunction,System.UInt16,System.Int32)">
            <inheritdoc/>
        </member>
        <member name="M:Meadow.Modbus.ModbusRtuClient.GenerateWriteMessage(System.Byte,Meadow.Modbus.ModbusFunction,System.UInt16,System.Byte[])">
            <inheritdoc/>
        </member>
        <member name="T:Meadow.Modbus.ModbusTcpClient">
            <summary>
            Modbus TCP client implementation.
            </summary>
        </member>
        <member name="F:Meadow.Modbus.ModbusTcpClient.DefaultModbusTCPPort">
            <summary>
            The default Modbus TCP port (502).
            </summary>
        </member>
        <member name="P:Meadow.Modbus.ModbusTcpClient.Destination">
            <summary>
            Gets the destination IP address for the Modbus TCP client.
            </summary>
        </member>
        <member name="P:Meadow.Modbus.ModbusTcpClient.Port">
            <summary>
            Gets the port used for the Modbus TCP communication.
            </summary>
        </member>
        <member name="M:Meadow.Modbus.ModbusTcpClient.#ctor(System.Net.IPEndPoint)">
            <summary>
            Initializes a new instance of the <see cref="T:Meadow.Modbus.ModbusTcpClient"/> class using the specified destination address and port.
            </summary>
            <param name="destination">The destination address.</param>
        </member>
        <member name="M:Meadow.Modbus.ModbusTcpClient.#ctor(System.String,System.Int16)">
            <summary>
            Initializes a new instance of the <see cref="T:Meadow.Modbus.ModbusTcpClient"/> class using the specified destination address and port.
            </summary>
            <param name="destinationAddress">The destination address as a string.</param>
            <param name="port">The port to use for communication. Default is the Modbus TCP port (502).</param>
        </member>
        <member name="M:Meadow.Modbus.ModbusTcpClient.#ctor(System.Net.IPAddress,System.Int16)">
            <summary>
            Initializes a new instance of the <see cref="T:Meadow.Modbus.ModbusTcpClient"/> class using the specified destination IP address and port.
            </summary>
            <param name="destination">The destination IP address.</param>
            <param name="port">The port to use for communication. Default is the Modbus TCP port (502).</param>
        </member>
        <member name="M:Meadow.Modbus.ModbusTcpClient.DisposeManagedResources">
            <inheritdoc/>
        </member>
        <member name="M:Meadow.Modbus.ModbusTcpClient.Connect(System.Net.IPEndPoint)">
            <summary>
            Connect to an endpoint. Allows for reusing the ModbusTcpClient.
            </summary>
            <param name="destination"></param>
            <returns></returns>
        </member>
        <member name="M:Meadow.Modbus.ModbusTcpClient.Connect(System.String,System.Int16)">
            <summary>
            Connect to an endpoint. Allows for reusing the ModbusTcpClient.
            </summary>
            <param name="destinationAddress"></param>
            <param name="port"></param>
            <returns></returns>
        </member>
        <member name="M:Meadow.Modbus.ModbusTcpClient.Connect(System.Net.IPAddress,System.Int16)">
            <summary>
            Connect to an endpoint. Allows for reusing the ModbusTcpClient.
            </summary>
            <param name="destination"></param>
            <param name="port"></param>
            <returns></returns>
        </member>
        <member name="M:Meadow.Modbus.ModbusTcpClient.Connect">
            <inheritdoc/>
        </member>
        <member name="M:Meadow.Modbus.ModbusTcpClient.Disconnect">
            <inheritdoc/>
        </member>
        <member name="M:Meadow.Modbus.ModbusTcpClient.GenerateWriteMessage(System.Byte,Meadow.Modbus.ModbusFunction,System.UInt16,System.Byte[])">
            <inheritdoc/>
        </member>
        <member name="M:Meadow.Modbus.ModbusTcpClient.GenerateReadMessage(System.Byte,Meadow.Modbus.ModbusFunction,System.UInt16,System.Int32)">
            <inheritdoc/>
        </member>
        <member name="M:Meadow.Modbus.ModbusTcpClient.DeliverMessage(System.Byte[])">
            <inheritdoc/>
        </member>
        <member name="M:Meadow.Modbus.ModbusTcpClient.ReadResult(Meadow.Modbus.ModbusFunction)">
            <inheritdoc/>
        </member>
        <member name="T:Meadow.Modbus.CrcException">
            <summary>
            Exception thrown when a CRC (Cyclic Redundancy Check) failure occurs.
            </summary>
        </member>
        <member name="P:Meadow.Modbus.CrcException.ExpectedCrc">
            <summary>
            The expected CRC value
            </summary>
        </member>
        <member name="P:Meadow.Modbus.CrcException.ActualCrc">
            <summary>
            The calculated CRC
            </summary>
        </member>
        <member name="P:Meadow.Modbus.CrcException.MessageBytes">
            <summary>
            The message failing the CRC check
            </summary>
        </member>
        <member name="M:Meadow.Modbus.CrcException.#ctor(System.String,System.UInt16,System.UInt16,System.Byte[])">
            <summary>
            Initializes a new instance of the <see cref="T:Meadow.Modbus.CrcException"/> class with a default error message.
            </summary>
        </member>
        <member name="T:Meadow.Modbus.ModbusException">
            <summary>
            Exception thrown when a Modbus operation encounters an error.
            </summary>
        </member>
        <member name="M:Meadow.Modbus.ModbusException.#ctor(Meadow.Modbus.ModbusErrorCode,Meadow.Modbus.ModbusFunction)">
            <summary>
            Initializes a new instance of the <see cref="T:Meadow.Modbus.ModbusException"/> class with the specified error code and function.
            </summary>
            <param name="errorCode">The Modbus error code associated with the exception.</param>
            <param name="function">The Modbus function associated with the exception.</param>
        </member>
        <member name="P:Meadow.Modbus.ModbusException.ErrorCode">
            <summary>
            Gets the Modbus error code associated with the exception.
            </summary>
        </member>
        <member name="P:Meadow.Modbus.ModbusException.Function">
            <summary>
            Gets the Modbus function associated with the exception.
            </summary>
        </member>
        <member name="T:Meadow.Modbus.ModbusErrorCode">
            <summary>
            Enumeration of Modbus error codes.
            </summary>
        </member>
        <member name="F:Meadow.Modbus.ModbusErrorCode.IllegalFunction">
            <summary>
            Illegal function error code.
            </summary>
        </member>
        <member name="F:Meadow.Modbus.ModbusErrorCode.IllegalDataAddress">
            <summary>
            Illegal data address error code.
            </summary>
        </member>
        <member name="F:Meadow.Modbus.ModbusErrorCode.IllegalDataValue">
            <summary>
            Illegal data value error code.
            </summary>
        </member>
        <member name="F:Meadow.Modbus.ModbusErrorCode.SlaveDeviceFailure">
            <summary>
            Slave device failure error code.
            </summary>
        </member>
        <member name="F:Meadow.Modbus.ModbusErrorCode.Ack">
            <summary>
            Acknowledgment error code.
            </summary>
        </member>
        <member name="F:Meadow.Modbus.ModbusErrorCode.SlaveIsBusy">
            <summary>
            Slave is busy error code.
            </summary>
        </member>
        <member name="F:Meadow.Modbus.ModbusErrorCode.GatePathUnavailable">
            <summary>
            Gate path unavailable error code.
            </summary>
        </member>
        <member name="F:Meadow.Modbus.ModbusErrorCode.GatewayTimeoutError">
            <summary>
            Gateway Target Device Failed to Respond.
            </summary>
        </member>
        <member name="F:Meadow.Modbus.ModbusErrorCode.SendFailed">
            <summary>
            Send failed error code.
            </summary>
        </member>
        <member name="F:Meadow.Modbus.ModbusErrorCode.InvalidOffset">
            <summary>
            Invalid offset error code.
            </summary>
        </member>
        <member name="F:Meadow.Modbus.ModbusErrorCode.NotConnected">
            <summary>
            Not connected error code.
            </summary>
        </member>
        <member name="F:Meadow.Modbus.ModbusErrorCode.ConnectionLost">
            <summary>
            Connection lost error code.
            </summary>
        </member>
        <member name="F:Meadow.Modbus.ModbusErrorCode.Timeout">
            <summary>
            Timeout error code.
            </summary>
        </member>
        <member name="T:Meadow.Modbus.ModbusFunction">
            <summary>
            Enumeration of Modbus function codes.
            </summary>
        </member>
        <member name="F:Meadow.Modbus.ModbusFunction.ReadCoil">
            <summary>
            Modbus function code for reading coils (1).
            </summary>
        </member>
        <member name="F:Meadow.Modbus.ModbusFunction.ReadDiscrete">
            <summary>
            Modbus function code for reading discrete inputs (2).
            </summary>
        </member>
        <member name="F:Meadow.Modbus.ModbusFunction.ReadHoldingRegister">
            <summary>
            Modbus function code for reading holding registers (3).
            </summary>
        </member>
        <member name="F:Meadow.Modbus.ModbusFunction.ReadInputRegister">
            <summary>
            Modbus function code for reading input registers (4).
            </summary>
        </member>
        <member name="F:Meadow.Modbus.ModbusFunction.WriteCoil">
            <summary>
            Modbus function code for writing a single coil (5).
            </summary>
        </member>
        <member name="F:Meadow.Modbus.ModbusFunction.WriteRegister">
            <summary>
            Modbus function code for writing a single register (6).
            </summary>
        </member>
        <member name="F:Meadow.Modbus.ModbusFunction.WriteMultipleCoils">
            <summary>
            Modbus function code for writing multiple coils (15).
            </summary>
        </member>
        <member name="F:Meadow.Modbus.ModbusFunction.WriteMultipleRegisters">
            <summary>
            Modbus function code for writing multiple registers (16).
            </summary>
        </member>
        <member name="F:Meadow.Modbus.ModbusFunction.ReadWriteMultipleRegisters">
            <summary>
            Modbus function code for reading and writing multiple registers (23).
            </summary>
        </member>
        <member name="T:Meadow.Modbus.ModbusPolledDevice">
            <summary>
            Represents an abstract base class for Modbus devices where register values are polled
            </summary>
        </member>
        <member name="E:Meadow.Modbus.ModbusPolledDevice.CommTimeout">
            <summary>
            Raised when communication with the target device times out
            </summary>
        </member>
        <member name="E:Meadow.Modbus.ModbusPolledDevice.CommError">
            <summary>
            Raised when a communication error with the target device occurs
            </summary>
        </member>
        <member name="T:Meadow.Modbus.ModbusPolledDevice.SourceFormat">
            <summary>
            Represents the possible formats of source registers
            </summary>
        </member>
        <member name="F:Meadow.Modbus.ModbusPolledDevice.SourceFormat.LittleEndianInteger">
            <summary>
            Little-endian integer format.
            </summary>
        </member>
        <member name="F:Meadow.Modbus.ModbusPolledDevice.SourceFormat.BigEndianInteger">
            <summary>
            Big-endian integer format.
            </summary>
        </member>
        <member name="F:Meadow.Modbus.ModbusPolledDevice.SourceFormat.LittleEndianFloat">
            <summary>
            Little-endian IEEE 794 floating-point format.
            </summary>
        </member>
        <member name="F:Meadow.Modbus.ModbusPolledDevice.SourceFormat.BigEndianFloat">
            <summary>
            Big-endian IEEE 794 floating-point format.
            </summary>
        </member>
        <member name="F:Meadow.Modbus.ModbusPolledDevice.DefaultRefreshPeriod">
            <summary>
            Gets the default refresh period for polling.
            </summary>
        </member>
        <member name="M:Meadow.Modbus.ModbusPolledDevice.StartPolling">
            <summary>
            Starts polling the Modbus device.
            </summary>
        </member>
        <member name="M:Meadow.Modbus.ModbusPolledDevice.StopPolling">
            <summary>
            Stops polling the Modbus device.
            </summary>
        </member>
        <member name="M:Meadow.Modbus.ModbusPolledDevice.#ctor(Meadow.Modbus.ModbusClientBase,System.Byte,System.Nullable{System.TimeSpan})">
            <summary>
            Initializes a new instance of the <see cref="T:Meadow.Modbus.ModbusPolledDevice"/> class.
            </summary>
            <param name="client">The Modbus client for communication.</param>
            <param name="modbusAddress">The Modbus address of the device.</param>
            <param name="refreshPeriod">The optional refresh period for polling.</param>
        </member>
        <member name="M:Meadow.Modbus.ModbusPolledDevice.WriteHoldingRegister(System.UInt16,System.UInt16[])">
            <summary>
            Writes one or more values to the holding registers of the Modbus device.
            </summary>
            <param name="startRegister">The starting register address.</param>
            <param name="data">The values to be written to the holding registers.</param>
            <returns>A task representing the asynchronous write operation.</returns>
        </member>
        <member name="M:Meadow.Modbus.ModbusPolledDevice.ReadCoil(System.UInt16)">
            <summary>
            Reads a value from a coil register of the Modbus device.
            </summary>
            <param name="register">The coil register address.</param>
            <returns>A task representing the asynchronous write operation.</returns>
        </member>
        <member name="M:Meadow.Modbus.ModbusPolledDevice.WriteCoil(System.UInt16,System.Boolean)">
            <summary>
            Writes a value to a coil register of the Modbus device.
            </summary>
            <param name="register">The coil register address.</param>
            <param name="value">The value to be written to the coil registers.</param>
            <returns>A task representing the asynchronous write operation.</returns>
        </member>
        <member name="M:Meadow.Modbus.ModbusPolledDevice.MapHoldingRegistersToProperty(System.UInt16,System.Int32,System.String,System.Nullable{System.Double},System.Nullable{System.Double},Meadow.Modbus.ModbusPolledDevice.SourceFormat)">
            <summary>
            Maps a range of holding registers to a property of the Modbus device.
            </summary>
            <param name="startRegister">The starting register address.</param>
            <param name="registerCount">The number of registers to map.</param>
            <param name="propertyName">The name of the property to map the registers to.</param>
            <param name="scale">The optional scale factor to apply to the register values.</param>
            <param name="offset">The optional offset to apply to the register values.</param>
            <param name="sourceFormat">The format of the source registers</param>
        </member>
        <member name="M:Meadow.Modbus.ModbusPolledDevice.MapInputRegistersToProperty(System.UInt16,System.Int32,System.String,System.Nullable{System.Double},System.Nullable{System.Double},Meadow.Modbus.ModbusPolledDevice.SourceFormat)">
            <summary>
            Maps a range of input registers to a property of the Modbus device.
            </summary>
            <param name="startRegister">The starting register address.</param>
            <param name="registerCount">The number of registers to map.</param>
            <param name="propertyName">The name of the property to map the registers to.</param>
            <param name="scale">The optional scale factor to apply to the register values.</param>
            <param name="offset">The optional offset to apply to the register values.</param>
            <param name="sourceFormat">The format of the source registers</param>
        </member>
        <member name="M:Meadow.Modbus.ModbusPolledDevice.MapHoldingRegistersToField(System.UInt16,System.Int32,System.String,System.Nullable{System.Double},System.Nullable{System.Double},Meadow.Modbus.ModbusPolledDevice.SourceFormat)">
            <summary>
            Maps a range of holding registers to a field of the Modbus device.
            </summary>
            <param name="startRegister">The starting register address.</param>
            <param name="registerCount">The number of registers to map.</param>
            <param name="fieldName">The name of the field to map the registers to.</param>
            <param name="scale">The optional scale factor to apply to the register values.</param>
            <param name="offset">The optional offset to apply to the register values.</param>
            <param name="sourceFormat">The format of the source registers</param>
        </member>
        <member name="M:Meadow.Modbus.ModbusPolledDevice.MapHoldingRegistersToProperty(System.UInt16,System.Int32,System.String,System.Func{System.UInt16[],System.Object})">
            <summary>
            Maps a range of holding registers to a property of the Modbus device.
            </summary>
            <param name="startRegister">The starting register address.</param>
            <param name="registerCount">The number of registers to map.</param>
            <param name="propertyName">The name of the property to map the registers to.</param>
            <param name="conversionFunction">The custom conversion function to transform raw register values to the property type.</param>
        </member>
        <member name="M:Meadow.Modbus.ModbusPolledDevice.MapHoldingRegistersToField(System.UInt16,System.Int32,System.String,System.Func{System.UInt16[],System.Object})">
            <summary>
            Maps a range of holding registers to a class field
            </summary>
            <param name="startRegister">The starting register address.</param>
            <param name="registerCount">The number of registers to map.</param>
            <param name="fieldName">The name of the field to map the registers to.</param>
            <param name="conversionFunction">The custom conversion function to transform raw register values to the field type.</param>
        </member>
        <member name="M:Meadow.Modbus.ModbusPolledDevice.MapInputRegistersToField(System.UInt16,System.Int32,System.String,System.Func{System.UInt16[],System.Object})">
            <summary>
            Maps a range of input registers to a class field
            </summary>
            <param name="startRegister">The starting register address.</param>
            <param name="registerCount">The number of registers to map.</param>
            <param name="fieldName">The name of the field to map the registers to.</param>
            <param name="conversionFunction">The custom conversion function to transform raw register values to the field type.</param>
        </member>
        <member name="M:Meadow.Modbus.ModbusPolledDevice.GetValueByFormat(System.UInt16[],Meadow.Modbus.ModbusPolledDevice.SourceFormat)">
            <summary>
            Retrieves the value from the specified register array based on the provided data format.
            </summary>
            <param name="data">The array of ushort register values.</param>
            <param name="format">The source data format indicating how to interpret the values in the data array.</param>
            <returns>The extracted value in its raw form.</returns>
        </member>
        <member name="T:Meadow.Modbus.IModbusResult">
            <summary>
            Interface for Modbus operation results.
            </summary>
        </member>
        <member name="T:Meadow.Modbus.IModbusServer">
            <summary>
            Interface for a Modbus server.
            </summary>
        </member>
        <member name="E:Meadow.Modbus.IModbusServer.ReadCoilRequest">
            <summary>
            Event that is raised when a read coil request is received.
            </summary>
        </member>
        <member name="E:Meadow.Modbus.IModbusServer.ReadDiscreteRequest">
            <summary>
            Event that is raised when a read discrete request is received.
            </summary>
        </member>
        <member name="E:Meadow.Modbus.IModbusServer.ReadHoldingRegisterRequest">
            <summary>
            Event that is raised when a read holding register request is received.
            </summary>
        </member>
        <member name="E:Meadow.Modbus.IModbusServer.ReadInputRegisterRequest">
            <summary>
            Event that is raised when a read input register request is received.
            </summary>
        </member>
        <member name="E:Meadow.Modbus.IModbusServer.WriteCoilRequest">
            <summary>
            Event that is raised when a write coil request is received.
            </summary>
        </member>
        <member name="M:Meadow.Modbus.IModbusServer.Start">
            <summary>
            Starts the Modbus server.
            </summary>
        </member>
        <member name="M:Meadow.Modbus.IModbusServer.Stop">
            <summary>
            Stops the Modbus server.
            </summary>
        </member>
        <member name="P:Meadow.Modbus.IModbusServer.IsRunning">
            <summary>
            Gets a value indicating whether the server is running.
            </summary>
        </member>
        <member name="P:Meadow.Modbus.IModbusServer.IsDisposed">
            <summary>
            Gets a value indicating whether the server is disposed.
            </summary>
        </member>
        <member name="T:Meadow.Modbus.ModbusErrorResult">
            <summary>
            Represents a Modbus error result.
            </summary>
        </member>
        <member name="P:Meadow.Modbus.ModbusErrorResult.ErrorCode">
            <summary>
            Gets the Modbus error code associated with the result.
            </summary>
        </member>
        <member name="M:Meadow.Modbus.ModbusErrorResult.#ctor(Meadow.Modbus.ModbusErrorCode)">
            <summary>
            Initializes a new instance of the <see cref="T:Meadow.Modbus.ModbusErrorResult"/> class with the specified error code.
            </summary>
            <param name="errorCode">The Modbus error code.</param>
        </member>
        <member name="T:Meadow.Modbus.ModbusReadResult">
            <summary>
            Represents a Modbus read result.
            </summary>
        </member>
        <member name="P:Meadow.Modbus.ModbusReadResult.Data">
            <summary>
            Gets the data associated with the read result.
            </summary>
        </member>
        <member name="M:Meadow.Modbus.ModbusReadResult.#ctor(System.Boolean[])">
            <summary>
            Initializes a new instance of the <see cref="T:Meadow.Modbus.ModbusReadResult"/> class with coil data.
            </summary>
            <param name="coilData">The coil data.</param>
        </member>
        <member name="M:Meadow.Modbus.ModbusReadResult.#ctor(System.UInt16[])">
            <summary>
            Initializes a new instance of the <see cref="T:Meadow.Modbus.ModbusReadResult"/> class with ushort register data.
            </summary>
            <param name="registerData">The ushort register data.</param>
        </member>
        <member name="M:Meadow.Modbus.ModbusReadResult.#ctor(System.Int16[])">
            <summary>
            Initializes a new instance of the <see cref="T:Meadow.Modbus.ModbusReadResult"/> class with short register data.
            </summary>
            <param name="registerData">The short register data.</param>
        </member>
        <member name="M:Meadow.Modbus.ModbusReadResult.#ctor(System.Byte[])">
            <summary>
            Initializes a new instance of the <see cref="T:Meadow.Modbus.ModbusReadResult"/> class with the provided data.
            </summary>
            <param name="data">The data associated with the read result.</param>
        </member>
        <member name="T:Meadow.Modbus.ModbusRtuServer">
            <summary>
            Represents RTU server.
            </summary>
        </member>
        <member name="E:Meadow.Modbus.ModbusRtuServer.ReadCoilRequest">
            <inheritdoc/>
        </member>
        <member name="E:Meadow.Modbus.ModbusRtuServer.ReadDiscreteRequest">
            <inheritdoc/>
        </member>
        <member name="E:Meadow.Modbus.ModbusRtuServer.ReadHoldingRegisterRequest">
            <inheritdoc/>
        </member>
        <member name="E:Meadow.Modbus.ModbusRtuServer.ReadInputRegisterRequest">
            <inheritdoc/>
        </member>
        <member name="E:Meadow.Modbus.ModbusRtuServer.WriteCoilRequest">
            <inheritdoc/>
        </member>
        <member name="E:Meadow.Modbus.ModbusRtuServer.WriteRegisterRequest">
            <inheritdoc/>
        </member>
        <member name="E:Meadow.Modbus.ModbusRtuServer.CrcErrorDetected">
            <summary>
            Event that is raised when a CRC (Cyclic Redundancy Check) error is detected.
            </summary>
        </member>
        <member name="P:Meadow.Modbus.ModbusRtuServer.IsDisposed">
            <inheritdoc/>
        </member>
        <member name="P:Meadow.Modbus.ModbusRtuServer.IsRunning">
            <inheritdoc/>
        </member>
        <member name="M:Meadow.Modbus.ModbusRtuServer.#ctor(Meadow.Hardware.ISerialPort)">
            <summary>
            Initializes a new instance of the <see cref="T:Meadow.Modbus.ModbusRtuServer"/> class using the specified serial port.
            </summary>
            <param name="serverPort">The serial port to use for communication.</param>
        </member>
        <member name="M:Meadow.Modbus.ModbusRtuServer.Start">
            <inheritdoc/>
        </member>
        <member name="M:Meadow.Modbus.ModbusRtuServer.Stop">
            <inheritdoc/>
        </member>
        <member name="M:Meadow.Modbus.ModbusRtuServer.Dispose(System.Boolean)">
            <inheritdoc/>
        </member>
        <member name="M:Meadow.Modbus.ModbusRtuServer.Dispose">
            <inheritdoc/>
        </member>
        <member name="T:Meadow.Modbus.ReadDelegate">
            <summary>
            Delegate for handling Modbus read requests.
            </summary>
        </member>
        <member name="T:Meadow.Modbus.WriteCoilDelegate">
            <summary>
            Delegate for handling Modbus write coil requests.
            </summary>
        </member>
        <member name="T:Meadow.Modbus.WriteRegisterDelegate">
            <summary>
            Delegate for handling Modbus write register requests.
            </summary>
        </member>
        <member name="T:Meadow.Modbus.ModbusTcpServer">
            <summary>
            Represents a Modbus TCP server.
            </summary>
        </member>
        <member name="E:Meadow.Modbus.ModbusTcpServer.ReadCoilRequest">
            <summary>
            Event that is raised when a read coil request is received.
            </summary>
        </member>
        <member name="E:Meadow.Modbus.ModbusTcpServer.ReadDiscreteRequest">
            <summary>
            Event that is raised when a read discrete request is received.
            </summary>
        </member>
        <member name="E:Meadow.Modbus.ModbusTcpServer.ReadHoldingRegisterRequest">
            <summary>
            Event that is raised when a read holding register request is received.
            </summary>
        </member>
        <member name="E:Meadow.Modbus.ModbusTcpServer.ReadInputRegisterRequest">
            <summary>
            Event that is raised when a read input register request is received.
            </summary>
        </member>
        <member name="E:Meadow.Modbus.ModbusTcpServer.WriteCoilRequest">
            <summary>
            Event that is raised when a write coil request is received.
            </summary>
        </member>
        <member name="E:Meadow.Modbus.ModbusTcpServer.WriteRegisterRequest">
            <summary>
            Event that is raised when a write register request is received.
            </summary>
        </member>
        <member name="E:Meadow.Modbus.ModbusTcpServer.ClientConnected">
            <summary>
            Event that is raised when a client is connected to the server.
            </summary>
        </member>
        <member name="E:Meadow.Modbus.ModbusTcpServer.ClientDisconnected">
            <summary>
            Event that is raised when a client is disconnected from the server.
            </summary>
        </member>
        <member name="F:Meadow.Modbus.ModbusTcpServer.DefaultModbusTCPPort">
            <summary>
            The default Modbus TCP port number (502).
            </summary>
        </member>
        <member name="F:Meadow.Modbus.ModbusTcpServer.DefaultReceiveBufferSize">
            <summary>
            The default receive buffer size (1024 bytes).
            </summary>
        </member>
        <member name="P:Meadow.Modbus.ModbusTcpServer.IsDisposed">
            <summary>
            Gets a value indicating whether the Modbus TCP server is disposed.
            </summary>
        </member>
        <member name="P:Meadow.Modbus.ModbusTcpServer.Port">
            <summary>
            Gets the port number on which the Modbus TCP server is listening.
            </summary>
        </member>
        <member name="M:Meadow.Modbus.ModbusTcpServer.#ctor(System.Int32,System.Int32)">
            <summary>
            Constructor for Modbus TCP server.
            </summary>
            <param name="port">Port number to listen on.</param>
            <param name="receiveBufferSize">Receive buffer size.</param>
        </member>
        <member name="M:Meadow.Modbus.ModbusTcpServer.Dispose">
            <summary>
            Disposes of the Modbus TCP server instance.
            </summary>
        </member>
        <member name="P:Meadow.Modbus.ModbusTcpServer.IsRunning">
            <summary>
            Indicates whether the server is running.
            </summary>
        </member>
        <member name="M:Meadow.Modbus.ModbusTcpServer.Start">
            <summary>
            Starts the Modbus TCP server.
            </summary>
        </member>
        <member name="M:Meadow.Modbus.ModbusTcpServer.Stop">
            <summary>
            Stops the Modbus TCP server.
            </summary>
        </member>
        <member name="M:Meadow.Modbus.ModbusTcpServer.ProcessMessage(Meadow.Modbus.RawMessage)">
            <summary>
            Processes the Modbus message and returns the result.
            </summary>
            <param name="message">The raw Modbus message.</param>
            <returns>The Modbus result after processing the message.</returns>
        </member>
        <member name="T:Meadow.Modbus.ModbusWriteResult">
            <summary>
            Represents a Modbus write result.
            </summary>
        </member>
        <member name="P:Meadow.Modbus.ModbusWriteResult.ItemsWritten">
            <summary>
            Gets the number of items written in the write operation.
            </summary>
        </member>
        <member name="M:Meadow.Modbus.ModbusWriteResult.#ctor(System.Int16)">
            <summary>
            Initializes a new instance of the <see cref="T:Meadow.Modbus.ModbusWriteResult"/> class with the specified number of items written.
            </summary>
            <param name="itemsWritten">The number of items written.</param>
        </member>
        <member name="T:Meadow.Modbus.SerialPortShim">
            <summary>
            Represents a shim for the serial port implementation, providing an interface for Modbus communication.
            </summary>
        </member>
        <member name="E:Meadow.Modbus.SerialPortShim.DataReceived">
            <inheritdoc/>
        </member>
        <member name="E:Meadow.Modbus.SerialPortShim.BufferOverrun">
            <inheritdoc/>
        </member>
        <member name="P:Meadow.Modbus.SerialPortShim.IsDisposed">
            <inheritdoc/>
        </member>
        <member name="P:Meadow.Modbus.SerialPortShim.IsOpen">
            <inheritdoc/>
        </member>
        <member name="P:Meadow.Modbus.SerialPortShim.PortName">
            <inheritdoc/>
        </member>
        <member name="P:Meadow.Modbus.SerialPortShim.BytesToRead">
            <inheritdoc/>
        </member>
        <member name="P:Meadow.Modbus.SerialPortShim.ReceiveBufferSize">
            <inheritdoc/>
        </member>
        <member name="P:Meadow.Modbus.SerialPortShim.DataBits">
            <inheritdoc/>
        </member>
        <member name="P:Meadow.Modbus.SerialPortShim.Parity">
            <inheritdoc/>
        </member>
        <member name="P:Meadow.Modbus.SerialPortShim.StopBits">
            <inheritdoc/>
        </member>
        <member name="M:Meadow.Modbus.SerialPortShim.#ctor(System.IO.Ports.SerialPort)">
            <summary>
            Initializes a new instance of the <see cref="T:Meadow.Modbus.SerialPortShim"/> class using an existing serial port instance.
            </summary>
            <param name="port">The existing serial port instance to use.</param>
        </member>
        <member name="M:Meadow.Modbus.SerialPortShim.#ctor(System.String,System.Int32,Meadow.Hardware.Parity,System.Int32,Meadow.Hardware.StopBits)">
            <summary>
            Initializes a new instance of the <see cref="T:Meadow.Modbus.SerialPortShim"/> class with specified parameters.
            </summary>
            <param name="portName">The name of the serial port (e.g., "COM1").</param>
            <param name="baudRate">The baud rate for communication.</param>
            <param name="parity">The parity setting for communication.</param>
            <param name="dataBits">The data bits setting for communication.</param>
            <param name="stopBits">The stop bits setting for communication.</param>
        </member>
        <member name="P:Meadow.Modbus.SerialPortShim.BaudRate">
            <inheritdoc/>
        </member>
        <member name="P:Meadow.Modbus.SerialPortShim.ReadTimeout">
            <inheritdoc/>
        </member>
        <member name="P:Meadow.Modbus.SerialPortShim.WriteTimeout">
            <inheritdoc/>
        </member>
        <member name="M:Meadow.Modbus.SerialPortShim.ClearReceiveBuffer">
            <inheritdoc/>
        </member>
        <member name="M:Meadow.Modbus.SerialPortShim.Close">
            <inheritdoc/>
        </member>
        <member name="M:Meadow.Modbus.SerialPortShim.Open">
            <inheritdoc/>
        </member>
        <member name="M:Meadow.Modbus.SerialPortShim.Peek">
            <inheritdoc/>
        </member>
        <member name="M:Meadow.Modbus.SerialPortShim.Read(System.Byte[],System.Int32,System.Int32)">
            <inheritdoc/>
        </member>
        <member name="M:Meadow.Modbus.SerialPortShim.ReadAll">
            <inheritdoc/>
        </member>
        <member name="M:Meadow.Modbus.SerialPortShim.ReadByte">
            <inheritdoc/>
        </member>
        <member name="M:Meadow.Modbus.SerialPortShim.Write(System.Byte[])">
            <inheritdoc/>
        </member>
        <member name="M:Meadow.Modbus.SerialPortShim.Write(System.Byte[],System.Int32,System.Int32)">
            <inheritdoc/>
        </member>
        <member name="M:Meadow.Modbus.SerialPortShim.Dispose(System.Boolean)">
            <inheritdoc/>
        </member>
        <member name="M:Meadow.Modbus.SerialPortShim.Dispose">
            <inheritdoc/>
        </member>
    </members>
</doc>
