<?xml version="1.0"?>
<doc>
    <assembly>
        <name>MicroJson</name>
    </assembly>
    <members>
        <member name="M:Meadow.Foundation.Serialization.DateTimeConverters.FromIso8601(System.String)">
            <summary>
            Converts an ISO 8601 time/input formatted string into a DateTime object.
            </summary>
            <param name="input">Date time string in ISO 8601 format.</param>
            <returns>A new DateTime object representing the input date and time.</returns>
            <exception cref="T:System.ArgumentException">Thrown when the input string is not in the expected ISO 8601 format.</exception>
        </member>
        <member name="M:Meadow.Foundation.Serialization.DateTimeConverters.ToIso8601(System.DateTime)">
            <summary>
            Converts a DateTime object into an ISO 8601 string in UTC format.
            </summary>
            <param name="dateTime">The DateTime to convert.</param>
            <returns>DateTime as an ISO 8601 string in UTC format.</returns>
        </member>
        <member name="M:Meadow.Foundation.Serialization.DateTimeConverters.ToIso8601(System.DateTimeOffset)">
            <summary>
            Converts a DateTime object into an ISO 8601 string in UTC format.
            </summary>
            <param name="dateTime">The DateTime to convert.</param>
            <returns>DateTime as an ISO 8601 string in UTC format.</returns>
        </member>
        <member name="M:Meadow.Foundation.Serialization.DateTimeConverters.ToASPNetAjax(System.DateTime)">
            <summary>
            Converts a DateTime to the ASP.NET Ajax JSON format.
            </summary>
            <param name="dateTime">The DateTime to convert.</param>
            <returns>A string representation of the DateTime in ASP.NET Ajax JSON format.</returns>
        </member>
        <member name="M:Meadow.Foundation.Serialization.DateTimeConverters.ToASPNetAjax(System.DateTimeOffset)">
            <summary>
            Converts a DateTime to the ASP.NET Ajax JSON format.
            </summary>
            <param name="dateTime">The DateTime to convert.</param>
            <returns>A string representation of the DateTime in ASP.NET Ajax JSON format.</returns>
        </member>
        <member name="M:Meadow.Foundation.Serialization.DateTimeConverters.FromASPNetAjax(System.String)">
            <summary>
            Converts an ASP.NET Ajax JSON string to DateTime
            </summary>
            <param name="ajax">The ajax formatted date time string</param>
            <returns>A new DateTime object representing the input date and time.</returns>
        </member>
        <member name="T:Meadow.Foundation.Serialization.JsonIgnoreAttribute">
            <summary>
            Specifies that a property should be ignored when serializing an object to JSON.
            </summary>
            <remarks>
            This attribute can be applied to properties in a class to indicate that the property
            should not be included in the JSON representation of the object. This can be useful
            for properties that do not contain information relevant to the purpose of the serialization,
            or for properties that might contain sensitive information.
            </remarks>
        </member>
        <member name="T:Meadow.Foundation.Serialization.JsonPropertyName">
            <summary>
            Specifies the property name that is present in the JSON when serializing and deserializing.
            </summary>
        </member>
        <member name="P:Meadow.Foundation.Serialization.JsonPropertyName.PropertyName">
            <summary>
            Gets the name of the property.
            </summary>
        </member>
        <member name="M:Meadow.Foundation.Serialization.JsonPropertyName.#ctor(System.String)">
            <summary>
            Initializes a new instance of JsonPropertyNameAttribute with the specified property name.
            </summary>
            <param name="propertyName">The name of the property</param>
        </member>
        <member name="T:Meadow.Foundation.Serialization.MicroJson">
            <summary>
            JSON Serialization and Deserialization library for .NET
            </summary>
        </member>
        <member name="M:Meadow.Foundation.Serialization.MicroJson.Deserialize(System.String)">
            <summary>
            Desrializes a Json string into an object.
            </summary>
            <param name="json"></param>
            <returns>An ArrayList, a Hashtable, a double, a long, a string, null, true, or false</returns>
        </member>
        <member name="M:Meadow.Foundation.Serialization.MicroJson.DeserializeString(System.String)">
            <summary>
            Deserializes a Json string into an object.
            </summary>
            <param name="json"></param>
            <returns>An ArrayList, a Hashtable, a double, a long, a string, null, true, or false</returns>
        </member>
        <member name="M:Meadow.Foundation.Serialization.MicroJson.EscapeString(System.String)">
            <summary>
            Escapes special characters in a string to ensure it is JSON-compliant.
            </summary>
            <param name="value">The string to escape.</param>
            <returns>The escaped string with special characters properly encoded.</returns>
            <remarks>
            This method handles the following special characters:
            - Double quotes (") are escaped as \".
            - Backslashes (\) are escaped as \\.
            - Newlines (\n) are escaped as \\n.
            - Carriage returns (\r) are escaped as \\r.
            - Tabs (\t) are escaped as \\t.
            - Backspaces (\b) are escaped as \\b.
            - Form feeds (\f) are escaped as \\f.
            </remarks>
        </member>
        <member name="M:Meadow.Foundation.Serialization.MicroJson.Serialize(System.Object,Meadow.Foundation.Serialization.MicroJson.DateTimeFormat,System.Boolean)">
            <summary>
            Converts an object to a JSON string.
            </summary>
            <param name="o">The value to convert.</param>
            <param name="dateTimeFormat">The format to use for DateTime values. Defaults to ISO 8601 format.</param>
            <param name="convertNamesToCamelCase">True to convert all properties to camel case during serialization</param>
            <returns>The JSON object as a string or null when the value type is not supported.</returns>
            <remarks>For objects, only public properties with getters are converted.</remarks>
        </member>
        <member name="M:Meadow.Foundation.Serialization.MicroJson.SerializeIEnumerable(System.Collections.IEnumerable,Meadow.Foundation.Serialization.MicroJson.DateTimeFormat)">
            <summary>
            Converts an IEnumerable to a JSON string.
            </summary>
            <param name="enumerable">The IEnumerable to convert.</param>
            <param name="dateTimeFormat">The format to use for DateTime values. Defaults to ISO 8601 format.</param>
            <returns>The JSON array as a string or null when the value type is not supported.</returns>
        </member>
        <member name="M:Meadow.Foundation.Serialization.MicroJson.SerializeIDictionary(System.Collections.IDictionary,Meadow.Foundation.Serialization.MicroJson.DateTimeFormat)">
            <summary>
            Converts an IDictionary to a JSON string.
            </summary>
            <param name="dictionary">The IDictionary to convert.</param>
            <param name="dateTimeFormat">The format to use for DateTime values. Defaults to ISO 8601 format.</param>
            <returns>The JSON object as a string or null when the value type is not supported.</returns>
        </member>
        <member name="M:Meadow.Foundation.Serialization.MicroJson.SerializeString(System.String)">
            <summary>
            Safely serialize a String into a JSON string value, escaping all backslash and quote characters.
            </summary>
            <param name="input">The string to serialize.</param>
            <returns>The serialized JSON string.</returns>
        </member>
        <member name="T:Meadow.Foundation.Serialization.MicroJson.DateTimeFormat">
            <summary>
            Enumeration of the popular formats of time and date with Json.
            </summary>
        </member>
        <member name="F:Meadow.Foundation.Serialization.MicroJson.DateTimeFormat.ISO8601">
            <summary>
            ISO 8601 format for time and date representation in JSON.
            </summary>
        </member>
        <member name="F:Meadow.Foundation.Serialization.MicroJson.DateTimeFormat.Ajax">
            <summary>
            ASP.NET Ajax JSON format for time and date representation.
            </summary>
        </member>
        <member name="M:Meadow.Foundation.Serialization.MicroJson.DeserializeList``1(System.Collections.ArrayList)">
            <summary>
            Deserializes a JSON array into a list of objects of type T.
            </summary>
            <typeparam name="T">The type of objects in the list.</typeparam>
            <param name="array">The JSON array to deserialize.</param>
            <returns>A list of objects of type T.</returns>
        </member>
        <member name="M:Meadow.Foundation.Serialization.MicroJson.DeserializeList``1(System.Collections.ArrayList,System.Type,System.Collections.Generic.List{``0}@)">
            <summary>
            Deserializes a JSON array into a list of objects of type T.
            </summary>
            <typeparam name="T">The type of objects in the list.</typeparam>
            <param name="array">The JSON array to deserialize.</param>
            <param name="type">The type of objects in the list as a <see cref="T:System.Type"/>.</param>
            <param name="instance"></param>
            <returns>A list of objects of type T.</returns>
        </member>
        <member name="M:Meadow.Foundation.Serialization.MicroJson.DeserializeArray``1(System.Collections.ArrayList)">
            <summary>
            Deserializes a JSON array into an array of objects of type T.
            </summary>
            <typeparam name="T">The type of objects in the array.</typeparam>
            <param name="array">The JSON array to deserialize.</param>
            <returns>An array of objects of type T.</returns>
        </member>
        <member name="M:Meadow.Foundation.Serialization.MicroJson.Deserialize``1(System.Byte[])">
            <summary>
            Deserializes an object of type T from a JSON string.
            </summary>
            <typeparam name="T">The type of object to deserialize.</typeparam>
            <param name="encodedData">A UTF8-encoded JSON string to deserialize.</param>
            <returns>An object of type T.</returns>
        </member>
        <member name="M:Meadow.Foundation.Serialization.MicroJson.Deserialize``1(System.String)">
            <summary>
            Deserializes an object of type T from a JSON string.
            </summary>
            <typeparam name="T">The type of object to deserialize.</typeparam>
            <param name="json">The JSON string to deserialize.</param>
            <returns>An object of type T.</returns>
        </member>
        <member name="M:Meadow.Foundation.Serialization.MicroJson.Deserialize(System.String,System.Type)">
            <summary>
            Deserializes an object of type T from a JSON string.
            </summary>
            <param name="type">The type of object to deserialize.</param>
            <param name="json">The JSON string to deserialize.</param>
            <returns>An object of the specified type</returns>
        </member>
        <member name="M:Meadow.Foundation.Serialization.MicroJson.Deserialize(System.String,System.Type,System.Object@)">
            <summary>
            Deserializes an object of the specified type from a JSON string.
            </summary>
            <param name="json">The JSON string to deserialize.</param>
            <param name="type">The type of object to deserialize as a <see cref="T:System.Type"/>.</param>
            <param name="instance">The object instance to populate.</param>
        </member>
        <member name="M:Meadow.Foundation.Serialization.MicroJson.Deserialize(System.Collections.Hashtable,System.Type,System.Object@)">
            <summary>
            Deserializes an object of the specified type from a Hashtable.
            </summary>
            <param name="root">The Hashtable representing the JSON data.</param>
            <param name="type">The type of object to deserialize as a <see cref="T:System.Type"/>.</param>
            <param name="instance">The object instance to populate.</param>
        </member>
        <member name="T:Meadow.Foundation.Serialization.Parser">
            <summary>
            Parses JSON strings into a Hashtable, mapping property names to their values. 
            Values can be Hashtables (for nested objects), ArrayLists (for collections), 
            or value types (e.g., string, int, bool, Guid, DateTime).
            </summary>
        </member>
        <member name="M:Meadow.Foundation.Serialization.Parser.JsonDecode(System.String)">
            <summary>
            Parses the string json into a value
            </summary>
            <param name="json">A JSON string.</param>
            <returns>An ArrayList, a Hashtable, a double, long, a string, null, true, or false</returns>
        </member>
        <member name="M:Meadow.Foundation.Serialization.Parser.JsonDecode(System.String,System.Boolean@)">
            <summary>
            Parses the string json into a value
            </summary>
            <param name="json">A JSON string.</param>
            <param name="success">true if successfu;</param>
            <returns>The decoded object</returns>
        </member>
        <member name="M:Meadow.Foundation.Serialization.Parser.ParseObject(System.Char[],System.Int32@,System.Boolean@)">
            <summary>
            Parses a JSON object from the provided character array.
            </summary>
            <param name="json">The JSON character array.</param>
            <param name="index">The current index in the character array.</param>
            <param name="success">A reference indicating the success of the parsing operation.</param>
            <returns>A Hashtable representing the parsed JSON object, or null if parsing fails.</returns>
        </member>
        <member name="M:Meadow.Foundation.Serialization.Parser.ParseArray(System.Char[],System.Int32@,System.Boolean@)">
            <summary>
            Parses a JSON array from the provided character array.
            </summary>
            <param name="json">The JSON character array.</param>
            <param name="index">The current index in the character array.</param>
            <param name="success">A reference indicating the success of the parsing operation.</param>
            <returns>An ArrayList representing the parsed JSON array, or null if parsing fails.</returns>
        </member>
        <member name="M:Meadow.Foundation.Serialization.Parser.ParseValue(System.Char[],System.Int32@,System.Boolean@)">
            <summary>
            Parses a JSON value from the provided character array.
            </summary>
            <param name="json">The JSON character array.</param>
            <param name="index">The current index in the character array.</param>
            <param name="success">A reference indicating the success of the parsing operation.</param>
            <returns>The parsed JSON value as an object, or null if parsing fails.</returns>
        </member>
        <member name="M:Meadow.Foundation.Serialization.Parser.ParseString(System.Char[],System.Int32@,System.Boolean@)">
            <summary>
            Parses a JSON string from the provided character array.
            </summary>
            <param name="json">The JSON character array.</param>
            <param name="index">The current index in the character array.</param>
            <param name="success">A reference indicating the success of the parsing operation.</param>
            <returns>The parsed JSON string, or null if parsing fails.</returns>
        </member>
        <member name="M:Meadow.Foundation.Serialization.Parser.ParseNumber(System.Char[],System.Int32@,System.Boolean@)">
            <summary>
            Determines the type of number (int, double, etc) and returns an object
            containing that value.
            </summary>
            <param name="json">The JSON character array.</param>
            <param name="index">The current index in the character array.</param>
            <param name="success">A reference indicating the success of the parsing operation.</param>
            <returns>The parsed number as an object, or null if parsing fails.</returns>
        </member>
        <member name="M:Meadow.Foundation.Serialization.Parser.GetLastIndexOfNumber(System.Char[],System.Int32)">
            <summary>
            Gets the last index of a number in the JSON data starting from the specified index.
            </summary>
            <param name="json">The JSON character array.</param>
            <param name="index">The starting index in the character array.</param>
            <returns>The last index of the number in the character array.</returns>
        </member>
        <member name="M:Meadow.Foundation.Serialization.Parser.AdvanceIndexPastWhitespace(System.Char[],System.Int32@)">
            <summary>
            Advances the index past any whitespace characters in the JSON data.
            </summary>
            <param name="json">The JSON character array.</param>
            <param name="index">The current index in the character array.</param>
        </member>
        <member name="M:Meadow.Foundation.Serialization.Parser.LookAhead(System.Char[],System.Int32)">
            <summary>
            Looks ahead in the JSON data to determine the next token without advancing the index.
            </summary>
            <param name="json">The JSON character array.</param>
            <param name="index">The current index in the character array.</param>
            <returns>The next token in the character array.</returns>
        </member>
        <member name="M:Meadow.Foundation.Serialization.Parser.NextToken(System.Char[],System.Int32@)">
            <summary>
            Gets the next token in the JSON data and advances the index accordingly.
            </summary>
            <param name="json">The JSON character array.</param>
            <param name="index">The current index in the character array.</param>
            <returns>The next token in the character array.</returns>
        </member>
        <member name="T:Meadow.Foundation.Serialization.UInt32Converters">
            <summary>
            Provides utility methods for converting and parsing UInt32 values.
            </summary>
        </member>
        <member name="M:Meadow.Foundation.Serialization.UInt32Converters.TryParse(System.String,Meadow.Foundation.Serialization.NumberStyle,System.UInt32@)">
            <summary>
            Tries to parse a string representation of a UInt32 value with the specified number style.
            </summary>
            <param name="str">The string to parse.</param>
            <param name="style">The number style to use during parsing.</param>
            <param name="result">When the method returns, contains the parsed UInt32 value.</param>
            <returns><c>true</c> if the parsing was successful; otherwise, <c>false</c>.</returns>
        </member>
        <member name="M:Meadow.Foundation.Serialization.UInt32Converters.ConvertUnicodeToAsciiString(System.Int32)">
            <summary>
            Converts a Unicode character to a string of its ASCII equivalent.
            This method is suitable for ordinary characters.
            </summary>
            <param name="codePoint">The Unicode code point.</param>
            <returns>The string representation of the ASCII character.</returns>
        </member>
        <member name="F:Meadow.Foundation.Serialization.UInt64Converters.MaxDoubleDigits">
            <summary>
            The maximum number of digits supported for parsing double values.
            </summary>
        </member>
        <member name="M:Meadow.Foundation.Serialization.UInt64Converters.TryParse(System.String,System.Boolean,System.UInt64@,System.Boolean@)">
            <summary>
            Parse integer values using localized number format information.
            </summary>
            <param name="input"></param>
            <param name="parseHex"></param>
            <param name="result"></param>
            <param name="sign"></param>
            <returns>true if succesful</returns>
        </member>
    </members>
</doc>
