<?xml version="1.0"?>
<doc>
    <assembly>
        <name>ProjectLab</name>
    </assembly>
    <members>
        <member name="T:Meadow.Devices.IProjectLabHardware">
            <summary>
            Interface for ProjectLab hardware
            </summary>
        </member>
        <member name="P:Meadow.Devices.IProjectLabHardware.UpButton">
            <summary>
            Gets the up button on the Project Lab board.
            </summary>
        </member>
        <member name="P:Meadow.Devices.IProjectLabHardware.DownButton">
            <summary>
            Gets the down button on the Project Lab board.
            </summary>
        </member>
        <member name="P:Meadow.Devices.IProjectLabHardware.LeftButton">
            <summary>
            Gets the left button on the Project Lab board.
            </summary>
        </member>
        <member name="P:Meadow.Devices.IProjectLabHardware.RightButton">
            <summary>
            Gets the right button on the Project Lab board.
            </summary>
        </member>
        <member name="P:Meadow.Devices.IProjectLabHardware.Speaker">
            <summary>
            Gets the piezo speaker on the Project Lab board.
            </summary>
        </member>
        <member name="P:Meadow.Devices.IProjectLabHardware.RgbLed">
            <summary>
            Gets the RGB PWM LED on the Project Lab board.
            </summary>
        </member>
        <member name="P:Meadow.Devices.IProjectLabHardware.LightSensor">
            <summary>
            Gets the light sensor on the Project Lab board.
            </summary>
        </member>
        <member name="P:Meadow.Devices.IProjectLabHardware.TemperatureSensor">
            <summary>
            Gets the ITemperatureSensor on the Project Lab board.
            </summary>
        </member>
        <member name="P:Meadow.Devices.IProjectLabHardware.HumiditySensor">
            <summary>
            Gets the IHumiditySensor on the Project Lab board.
            </summary>
        </member>
        <member name="P:Meadow.Devices.IProjectLabHardware.BarometricPressureSensor">
            <summary>
            Gets the IBarometricPressureSensor on the Project Lab board.
            </summary>
        </member>
        <member name="P:Meadow.Devices.IProjectLabHardware.GasResistanceSensor">
            <summary>
            Gets the IGasResistanceSensor on the Project Lab board.
            </summary>
        </member>
        <member name="P:Meadow.Devices.IProjectLabHardware.Gyroscope">
            <summary>
            Gets the IGyroscope on the Project Lab board
            </summary>
        </member>
        <member name="P:Meadow.Devices.IProjectLabHardware.Accelerometer">
            <summary>
            Gets the IAccelerometer on the Project Lab board
            </summary>
        </member>
        <member name="P:Meadow.Devices.IProjectLabHardware.Display">
            <summary>
            Gets the graphics display on the Project Lab board.
            </summary>
        </member>
        <member name="P:Meadow.Devices.IProjectLabHardware.RevisionString">
            <summary>
            Gets the revision string of the Project Lab board.
            </summary>
        </member>
        <member name="P:Meadow.Devices.IProjectLabHardware.MikroBus1">
            <summary>
            Gets MikroBus connector 1 on the Project Lab board.
            </summary>
        </member>
        <member name="P:Meadow.Devices.IProjectLabHardware.MikroBus2">
            <summary>
            Gets MikroBus connector 2 on the Project Lab board.
            </summary>
        </member>
        <member name="P:Meadow.Devices.IProjectLabHardware.GroveDigital">
            <summary>
            Gets the Grove Digital connector on the Project Lab board.
            </summary>
        </member>
        <member name="P:Meadow.Devices.IProjectLabHardware.GroveAnalog">
            <summary>
            Gets the Grove Analog connector on the Project Lab board.
            </summary>
        </member>
        <member name="P:Meadow.Devices.IProjectLabHardware.GroveUart">
            <summary>
            Gets the Grove UART connector on the Project Lab board.
            </summary>
        </member>
        <member name="P:Meadow.Devices.IProjectLabHardware.Qwiic">
            <summary>
            Gets the Qwiic connector on the Project Lab board.
            </summary>
        </member>
        <member name="P:Meadow.Devices.IProjectLabHardware.IOTerminal">
            <summary>
            Gets the IO Terminal connector on the Project Lab board.
            </summary>
        </member>
        <member name="P:Meadow.Devices.IProjectLabHardware.DisplayHeader">
            <summary>
            Gets the display header connector on the Project Lab board.
            </summary>
        </member>
        <member name="P:Meadow.Devices.IProjectLabHardware.Touchscreen">
            <summary>
            Gets the touchscreen on the Project Lab display
            </summary>
        </member>
        <member name="M:Meadow.Devices.IProjectLabHardware.GetModbusRtuClient(System.Int32,System.Int32,Meadow.Hardware.Parity,Meadow.Hardware.StopBits)">
            <summary>
            Get a Modbus RTU client with optional parameters.
            </summary>
            <param name="baudRate">The baud rate.</param>
            <param name="dataBits">The number of data bits.</param>
            <param name="parity">The parity setting.</param>
            <param name="stopBits">The stop bits setting.</param>
            <returns>A Modbus RTU client.</returns>
        </member>
        <member name="T:Meadow.Devices.ProjectLabFeatherApp">
            <summary>
            A base class for Feather-based, Project Lab-targeted applications 
            </summary>
        </member>
        <member name="T:Meadow.Devices.ProjectLabCoreComputeApp">
            <summary>
            A base class for F7 Core Compute-based, Project Lab-targeted applications 
            </summary>
        </member>
        <member name="T:Meadow.Devices.ProjectLab">
            <summary>
            Represents Project Lab hardware and exposes its peripherals
            </summary>
        </member>
        <member name="M:Meadow.Devices.ProjectLab.Create">
            <summary>
            Create an instance of the ProjectLab class
            </summary>
        </member>
        <member name="M:Meadow.Devices.ProjectLab.Create(Meadow.IMeadowDevice)">
            <summary>
            Create an instance of the ProjectLab class
            </summary>
            <returns>ProjectLab instance</returns>
            <exception cref="T:System.Exception">ProjectLab instance must be created after <c>App.Initialize()</c></exception>
            <exception cref="T:System.NotSupportedException">Couldn't detect known ProjectLab hardware</exception>
        </member>
        <member name="T:Meadow.Devices.ProjectLabHardwareBase">
            <summary>
            Contains common elements of Project Lab hardware
            </summary>
        </member>
        <member name="P:Meadow.Devices.ProjectLabHardwareBase.Logger">
            <summary>
            Get a reference to Meadow Logger
            </summary>
        </member>
        <member name="P:Meadow.Devices.ProjectLabHardwareBase.UpButton">
            <inheritdoc/>
        </member>
        <member name="P:Meadow.Devices.ProjectLabHardwareBase.ComputeModule">
            <inheritdoc/>
        </member>
        <member name="P:Meadow.Devices.ProjectLabHardwareBase.DownButton">
            <inheritdoc/>
        </member>
        <member name="P:Meadow.Devices.ProjectLabHardwareBase.LeftButton">
            <inheritdoc/>
        </member>
        <member name="P:Meadow.Devices.ProjectLabHardwareBase.RightButton">
            <inheritdoc/>
        </member>
        <member name="P:Meadow.Devices.ProjectLabHardwareBase.Speaker">
            <inheritdoc/>
        </member>
        <member name="P:Meadow.Devices.ProjectLabHardwareBase.RgbLed">
            <inheritdoc/>
        </member>
        <member name="P:Meadow.Devices.ProjectLabHardwareBase.Touchscreen">
            <inheritdoc/>
        </member>
        <member name="P:Meadow.Devices.ProjectLabHardwareBase.LightSensor">
            <inheritdoc/>
        </member>
        <member name="P:Meadow.Devices.ProjectLabHardwareBase.AtmosphericSensor">
            <inheritdoc/>
        </member>
        <member name="P:Meadow.Devices.ProjectLabHardwareBase.MotionSensor">
            <inheritdoc/>
        </member>
        <member name="P:Meadow.Devices.ProjectLabHardwareBase.Gyroscope">
            <inheritdoc/>
        </member>
        <member name="P:Meadow.Devices.ProjectLabHardwareBase.Accelerometer">
            <inheritdoc/>
        </member>
        <member name="P:Meadow.Devices.ProjectLabHardwareBase.TemperatureSensor">
            <inheritdoc/>
        </member>
        <member name="P:Meadow.Devices.ProjectLabHardwareBase.HumiditySensor">
            <inheritdoc/>
        </member>
        <member name="P:Meadow.Devices.ProjectLabHardwareBase.BarometricPressureSensor">
            <inheritdoc/>
        </member>
        <member name="P:Meadow.Devices.ProjectLabHardwareBase.GasResistanceSensor">
            <inheritdoc/>
        </member>
        <member name="P:Meadow.Devices.ProjectLabHardwareBase.Display">
            <inheritdoc/>
        </member>
        <member name="M:Meadow.Devices.ProjectLabHardwareBase.GetDefaultDisplay">
            <summary>
            Gets the default display for the Project Lab board.
            </summary>
        </member>
        <member name="P:Meadow.Devices.ProjectLabHardwareBase.RevisionString">
            <inheritdoc/>
        </member>
        <member name="P:Meadow.Devices.ProjectLabHardwareBase.MikroBus1">
            <inheritdoc/>
        </member>
        <member name="P:Meadow.Devices.ProjectLabHardwareBase.MikroBus2">
            <inheritdoc/>
        </member>
        <member name="P:Meadow.Devices.ProjectLabHardwareBase.GroveDigital">
            <inheritdoc/>
        </member>
        <member name="P:Meadow.Devices.ProjectLabHardwareBase.GroveAnalog">
            <inheritdoc/>
        </member>
        <member name="P:Meadow.Devices.ProjectLabHardwareBase.GroveUart">
            <inheritdoc/>
        </member>
        <member name="P:Meadow.Devices.ProjectLabHardwareBase.Qwiic">
            <inheritdoc/>
        </member>
        <member name="P:Meadow.Devices.ProjectLabHardwareBase.IOTerminal">
            <inheritdoc/>
        </member>
        <member name="P:Meadow.Devices.ProjectLabHardwareBase.DisplayHeader">
            <inheritdoc/>
        </member>
        <member name="P:Meadow.Devices.ProjectLabHardwareBase.Connectors">
            <summary>
            Collection of connectors on the Project Lab board
            </summary>
        </member>
        <member name="M:Meadow.Devices.ProjectLabHardwareBase.GetModbusRtuClient(System.Int32,System.Int32,Meadow.Hardware.Parity,Meadow.Hardware.StopBits)">
            <summary>
            Gets a ModbusRtuClient for the on-board RS485 connector
            </summary>
        </member>
        <member name="T:Meadow.Devices.ProjectLabHardwareV1">
            <summary>
            Represents Project Lab V1 hardware and exposes its peripherals
            </summary>
        </member>
        <member name="P:Meadow.Devices.ProjectLabHardwareV1.UpButton">
            <inheritdoc/>
        </member>
        <member name="P:Meadow.Devices.ProjectLabHardwareV1.DownButton">
            <inheritdoc/>
        </member>
        <member name="P:Meadow.Devices.ProjectLabHardwareV1.LeftButton">
            <inheritdoc/>
        </member>
        <member name="P:Meadow.Devices.ProjectLabHardwareV1.RightButton">
            <inheritdoc/>
        </member>
        <member name="P:Meadow.Devices.ProjectLabHardwareV1.Speaker">
            <inheritdoc/>
        </member>
        <member name="P:Meadow.Devices.ProjectLabHardwareV1.RgbLed">
            <inheritdoc/>
        </member>
        <member name="M:Meadow.Devices.ProjectLabHardwareV1.GetDefaultDisplay">
            <inheritdoc/>
        </member>
        <member name="P:Meadow.Devices.ProjectLabHardwareV1.RevisionString">
            <inheritdoc/>
        </member>
        <member name="M:Meadow.Devices.ProjectLabHardwareV1.GetModbusRtuClient(System.Int32,System.Int32,Meadow.Hardware.Parity,Meadow.Hardware.StopBits)">
            <inheritdoc/>
        </member>
        <member name="T:Meadow.Devices.ProjectLabHardwareV2">
            <summary>
            Represents Project Lab V2 hardware and exposes its peripherals
            </summary>
        </member>
        <member name="P:Meadow.Devices.ProjectLabHardwareV2.Mcp_1">
            <summary>
            The MCP23008 IO expander connected to internal peripherals
            </summary>
        </member>
        <member name="P:Meadow.Devices.ProjectLabHardwareV2.Mcp_2">
            <summary>
            The MCP23008 IO expander connected to IO headers and terminals on Project Lab
            </summary>
        </member>
        <member name="P:Meadow.Devices.ProjectLabHardwareV2.Mcp_Version">
            <summary>
            The MCP23008 IO expander that contains the ProjectLab hardware version 
            </summary>
        </member>
        <member name="P:Meadow.Devices.ProjectLabHardwareV2.UpButton">
            <inheritdoc/>
        </member>
        <member name="P:Meadow.Devices.ProjectLabHardwareV2.DownButton">
            <inheritdoc/>
        </member>
        <member name="P:Meadow.Devices.ProjectLabHardwareV2.LeftButton">
            <inheritdoc/>
        </member>
        <member name="P:Meadow.Devices.ProjectLabHardwareV2.RightButton">
            <inheritdoc/>
        </member>
        <member name="P:Meadow.Devices.ProjectLabHardwareV2.Speaker">
            <inheritdoc/>
        </member>
        <member name="P:Meadow.Devices.ProjectLabHardwareV2.RgbLed">
            <inheritdoc/>
        </member>
        <member name="M:Meadow.Devices.ProjectLabHardwareV2.GetDefaultDisplay">
            <inheritdoc/>
        </member>
        <member name="P:Meadow.Devices.ProjectLabHardwareV2.RevisionNumber">
            <summary>
            The hardware revision number, read from the on-board MCP
            </summary>
        </member>
        <member name="P:Meadow.Devices.ProjectLabHardwareV2.RevisionString">
            <inheritdoc/>
        </member>
        <member name="M:Meadow.Devices.ProjectLabHardwareV2.GetModbusRtuClient(System.Int32,System.Int32,Meadow.Hardware.Parity,Meadow.Hardware.StopBits)">
            <inheritdoc/>
        </member>
        <member name="T:Meadow.Devices.ProjectLabHardwareV3">
            <summary>
            Represents Project Lab V3 hardware and exposes its peripherals
            </summary>
        </member>
        <member name="P:Meadow.Devices.ProjectLabHardwareV3.Mcp_1">
            <summary>
            The MCP23008 IO expander connected to internal peripherals on Project Lab
            </summary>
        </member>
        <member name="P:Meadow.Devices.ProjectLabHardwareV3.Mcp_2">
            <summary>
            The MCP23008 IO expander connected to IO headers and terminals on Project Lab
            </summary>
        </member>
        <member name="P:Meadow.Devices.ProjectLabHardwareV3.Mcp_Version">
            <summary>
            The MCP23008 IO expander that contains the ProjectLab hardware version 
            </summary>
        </member>
        <member name="P:Meadow.Devices.ProjectLabHardwareV3.UpButton">
            <inheritdoc/>
        </member>
        <member name="P:Meadow.Devices.ProjectLabHardwareV3.DownButton">
            <inheritdoc/>
        </member>
        <member name="P:Meadow.Devices.ProjectLabHardwareV3.LeftButton">
            <inheritdoc/>
        </member>
        <member name="P:Meadow.Devices.ProjectLabHardwareV3.RightButton">
            <inheritdoc/>
        </member>
        <member name="P:Meadow.Devices.ProjectLabHardwareV3.Speaker">
            <inheritdoc/>
        </member>
        <member name="P:Meadow.Devices.ProjectLabHardwareV3.RgbLed">
            <inheritdoc/>
        </member>
        <member name="P:Meadow.Devices.ProjectLabHardwareV3.DisplayEnablePort">
            <summary>
            Display enable port for backlight control
            </summary>
        </member>
        <member name="M:Meadow.Devices.ProjectLabHardwareV3.GetDefaultDisplay">
            <inheritdoc/>
        </member>
        <member name="P:Meadow.Devices.ProjectLabHardwareV3.RevisionNumber">
            <summary>
            The hardware revision number, read from the on-board MCP
            </summary>
        </member>
        <member name="P:Meadow.Devices.ProjectLabHardwareV3.RevisionString">
            <inheritdoc/>
        </member>
        <member name="M:Meadow.Devices.ProjectLabHardwareV3.GetModbusRtuClient(System.Int32,System.Int32,Meadow.Hardware.Parity,Meadow.Hardware.StopBits)">
            <inheritdoc/>
        </member>
        <member name="T:Meadow.Devices.ProjectLabHardwareV4">
            <summary>
            Represents Project Lab V4 hardware and exposes its peripherals
            </summary>
        </member>
        <member name="P:Meadow.Devices.ProjectLabHardwareV4.Mcp_1">
            <summary>
            The MCP23008 IO expander connected to internal peripherals on Project Lab
            </summary>
        </member>
        <member name="P:Meadow.Devices.ProjectLabHardwareV4.Mcp_2">
            <summary>
            The MCP23008 IO expander connected to IO headers and terminals on Project Lab
            </summary>
        </member>
        <member name="P:Meadow.Devices.ProjectLabHardwareV4.Mcp_Version">
            <summary>
            The MCP23008 IO expander that contains the ProjectLab hardware version 
            </summary>
        </member>
        <member name="P:Meadow.Devices.ProjectLabHardwareV4.UpButton">
            <inheritdoc/>
        </member>
        <member name="P:Meadow.Devices.ProjectLabHardwareV4.DownButton">
            <inheritdoc/>
        </member>
        <member name="P:Meadow.Devices.ProjectLabHardwareV4.LeftButton">
            <inheritdoc/>
        </member>
        <member name="P:Meadow.Devices.ProjectLabHardwareV4.RightButton">
            <inheritdoc/>
        </member>
        <member name="P:Meadow.Devices.ProjectLabHardwareV4.Speaker">
            <inheritdoc/>
        </member>
        <member name="P:Meadow.Devices.ProjectLabHardwareV4.RgbLed">
            <inheritdoc/>
        </member>
        <member name="P:Meadow.Devices.ProjectLabHardwareV4.DisplayEnablePort">
            <summary>
            Display enable port
            </summary>
        </member>
        <member name="P:Meadow.Devices.ProjectLabHardwareV4.DisplayLedPort">
            <summary>
            Display backliight port for backlight control
            </summary>
        </member>
        <member name="M:Meadow.Devices.ProjectLabHardwareV4.GetDefaultDisplay">
            <inheritdoc/>
        </member>
        <member name="P:Meadow.Devices.ProjectLabHardwareV4.RevisionNumber">
            <summary>
            The hardware revision number, read from the on-board MCP
            </summary>
        </member>
        <member name="P:Meadow.Devices.ProjectLabHardwareV4.RevisionString">
            <inheritdoc/>
        </member>
        <member name="M:Meadow.Devices.ProjectLabHardwareV4.GetModbusRtuClient(System.Int32,System.Int32,Meadow.Hardware.Parity,Meadow.Hardware.StopBits)">
            <inheritdoc/>
        </member>
        <member name="P:Meadow.Devices.ProjectLabHardwareV4.Touchscreen">
            <inheritdoc/>
        </member>
        <member name="T:Meadow.Devices.ProjectLabModbusRtuClient">
            <summary>
            Represents a Modbus RTU client customized for ProjectLab.
            </summary>
        </member>
        <member name="M:Meadow.Devices.ProjectLabModbusRtuClient.#ctor(Meadow.Hardware.ISerialPort,Meadow.Hardware.IDigitalOutputPort)">
            <summary>
            Initializes a new instance of the <see cref="T:Meadow.Devices.ProjectLabModbusRtuClient"/> class.
            </summary>
            <param name="port">The serial port for communication.</param>
            <param name="enablePort">The digital output port used for enable control.</param>
        </member>
        <member name="T:Meadow.Hardware.DisplayConnector">
            <summary>
            Represents the display connector on Project Lab
            </summary>
        </member>
        <member name="T:Meadow.Hardware.DisplayConnector.PinNames">
            <summary>
            The set of Display connector connector pins
            </summary>
        </member>
        <member name="F:Meadow.Hardware.DisplayConnector.PinNames.DISPLAY_CS">
            <summary>
            Display Chip Select pin
            </summary>
        </member>
        <member name="F:Meadow.Hardware.DisplayConnector.PinNames.DISPLAY_RST">
            <summary>
            Display Reset pin
            </summary>
        </member>
        <member name="F:Meadow.Hardware.DisplayConnector.PinNames.DISPLAY_DC">
            <summary>
            Display Data/Command pin
            </summary>
        </member>
        <member name="F:Meadow.Hardware.DisplayConnector.PinNames.DISPLAY_CLK">
            <summary>
            Display SPI Clock pin
            </summary>
        </member>
        <member name="F:Meadow.Hardware.DisplayConnector.PinNames.DISPLAY_COPI">
            <summary>
            Display SPI controller out, peripheral in pin
            </summary>
        </member>
        <member name="F:Meadow.Hardware.DisplayConnector.PinNames.DISPLAY_LED">
            <summary>
            Display LED (backlight) pin
            </summary>
        </member>
        <member name="F:Meadow.Hardware.DisplayConnector.PinNames.TOUCH_INT">
            <summary>
            Touch screen interrupt pin
            </summary>
        </member>
        <member name="F:Meadow.Hardware.DisplayConnector.PinNames.TOUCH_CS">
            <summary>
            Touch Chip Select pin
            </summary>
        </member>
        <member name="F:Meadow.Hardware.DisplayConnector.PinNames.TOUCH_CLK">
            <summary>
            Touch SPI Clock pin
            </summary>
        </member>
        <member name="F:Meadow.Hardware.DisplayConnector.PinNames.TOUCH_COPI">
            <summary>
            Touch SPI controller out, peripheral in pin
            </summary>
        </member>
        <member name="F:Meadow.Hardware.DisplayConnector.PinNames.TOUCH_CIPO">
            <summary>
            Touch SPI controller in, peripheral out pin
            </summary>
        </member>
        <member name="T:Meadow.Hardware.DisplayConnector.DisplayConnectorPinDefinitions">
            <summary>
            Represents the pins definitions for the Display connector on Project Lab
            </summary>
        </member>
        <member name="P:Meadow.Hardware.DisplayConnector.DisplayConnectorPinDefinitions.DISPLAY_CS">
            <summary>
            Display Chip Select pin
            </summary>
        </member>
        <member name="P:Meadow.Hardware.DisplayConnector.DisplayConnectorPinDefinitions.DISPLAY_RST">
            <summary>
            Display Reset pin
            </summary>
        </member>
        <member name="P:Meadow.Hardware.DisplayConnector.DisplayConnectorPinDefinitions.DISPLAY_DC">
            <summary>
            Display Data/Command pin
            </summary>
        </member>
        <member name="P:Meadow.Hardware.DisplayConnector.DisplayConnectorPinDefinitions.DISPLAY_CLK">
            <summary>
            Display SPI Clock pin
            </summary>
        </member>
        <member name="P:Meadow.Hardware.DisplayConnector.DisplayConnectorPinDefinitions.DISPLAY_COPI">
            <summary>
            Display SPI controller out, peripheral in pin
            </summary>
        </member>
        <member name="P:Meadow.Hardware.DisplayConnector.DisplayConnectorPinDefinitions.DISPLAY_LED">
            <summary>
            Display LED (backlight) pin
            </summary>
        </member>
        <member name="P:Meadow.Hardware.DisplayConnector.DisplayConnectorPinDefinitions.TOUCH_INT">
            <summary>
            Touch interrupt pin
            </summary>
        </member>
        <member name="P:Meadow.Hardware.DisplayConnector.DisplayConnectorPinDefinitions.TOUCH_CS">
            <summary>
            Touch chip select pin
            </summary>
        </member>
        <member name="P:Meadow.Hardware.DisplayConnector.DisplayConnectorPinDefinitions.TOUCH_CLK">
            <summary>
            Touch SPI Clock pin
            </summary>
        </member>
        <member name="P:Meadow.Hardware.DisplayConnector.DisplayConnectorPinDefinitions.TOUCH_COPI">
            <summary>
            Touch SPI controller out, peripheral in pin
            </summary>
        </member>
        <member name="P:Meadow.Hardware.DisplayConnector.DisplayConnectorPinDefinitions.TOUCH_CIPO">
            <summary>
            Touch SPI controller in, peripheral out pin
            </summary>
        </member>
        <member name="M:Meadow.Hardware.DisplayConnector.#ctor(System.String,Meadow.Hardware.PinMapping,Meadow.Hardware.SpiBusMapping,Meadow.Hardware.SpiBusMapping)">
            <param name="name">The connector name</param>
            <param name="mapping">The mappings to the host controller</param>
            <param name="spiBusMappingDisplay">The mapping for the display connector's SPI bus</param>
            <param name="spiBusMappingTouch">The mapping for the touch connector's SPI bus</param>
        </member>
        <member name="P:Meadow.Hardware.DisplayConnector.SpiBusDisplay">
            <summary>
            Gets the display SPI bus
            </summary>
        </member>
        <member name="P:Meadow.Hardware.DisplayConnector.SpiBusTouch">
            <summary>
            Gets the touch screen SPI bus
            </summary>
        </member>
        <member name="T:Meadow.Hardware.IOTerminalConnector">
            <summary>
            Represents the IO Terminal connector on Project Lab
            </summary>
        </member>
        <member name="T:Meadow.Hardware.IOTerminalConnector.PinNames">
            <summary>
            The set of IO terminal connector connector pins
            </summary>
        </member>
        <member name="F:Meadow.Hardware.IOTerminalConnector.PinNames.A1">
            <summary>
            Pin A1
            </summary>
        </member>
        <member name="F:Meadow.Hardware.IOTerminalConnector.PinNames.D2">
            <summary>
            Pin D2
            </summary>
        </member>
        <member name="F:Meadow.Hardware.IOTerminalConnector.PinNames.D3">
            <summary>
            Pin D3
            </summary>
        </member>
        <member name="T:Meadow.Hardware.IOTerminalConnector.IOTerminalConnectorPinDefinitions">
            <summary>
            Represents the pins definitions for the IO Terminal connector on Project Lab
            </summary>
        </member>
        <member name="P:Meadow.Hardware.IOTerminalConnector.IOTerminalConnectorPinDefinitions.A1">
            <summary>
            Pin A1
            </summary>
        </member>
        <member name="P:Meadow.Hardware.IOTerminalConnector.IOTerminalConnectorPinDefinitions.D2">
            <summary>
            Pin D2
            </summary>
        </member>
        <member name="P:Meadow.Hardware.IOTerminalConnector.IOTerminalConnectorPinDefinitions.D3">
            <summary>
            Pin D3
            </summary>
        </member>
        <member name="M:Meadow.Hardware.IOTerminalConnector.#ctor(System.String,Meadow.Hardware.PinMapping)">
            <param name="name">The connector name</param>
            <param name="mapping">The mappings to the host controller</param>
        </member>
    </members>
</doc>
