<?xml version="1.0"?>
<doc>
    <assembly>
        <name>Sc16is7x2</name>
    </assembly>
    <members>
        <member name="T:Meadow.Foundation.ICs.IOExpanders.Sc16is752">
            <summary>
            Represents an Sc16is752 I/O expander device.
            </summary>
        </member>
        <member name="M:Meadow.Foundation.ICs.IOExpanders.Sc16is752.#ctor(Meadow.Units.Frequency,Meadow.Hardware.IDigitalInterruptPort,System.Boolean)">
            <summary>
            Initializes a new instance of the Sc16is752 class using an oscillator frequency and an optional IRQ digital interrupt port.
            </summary>
            <param name="oscillatorFrequency">The oscillator frequency of the device.</param>
            <param name="irq">An optional digital interrupt port for IRQ (Interrupt Request).</param>
            <param name="latchGpioInterrupt">An interrupt triggered by a GPIO change, will remain until handled. State will also be kept.</param>
        </member>
        <member name="M:Meadow.Foundation.ICs.IOExpanders.Sc16is752.#ctor(Meadow.Hardware.II2cBus,Meadow.Units.Frequency,Meadow.Foundation.ICs.IOExpanders.Sc16is7x2.Addresses,Meadow.Hardware.IDigitalInterruptPort,System.Boolean)">
            <summary>
            Initializes a new instance of the Sc16is752 class using an I2C bus, oscillator frequency, an address, and an optional IRQ digital interrupt port.
            </summary>
            <param name="i2cBus">The I2C bus for communication.</param>
            <param name="oscillatorFrequency">The oscillator frequency of the device.</param>
            <param name="address">The I2C address of the device (default is 0x48).</param>
            <param name="irq">An optional digital interrupt port for IRQ (Interrupt Request).</param>
            <param name="latchGpioInterrupt">An interrupt triggered by a GPIO change, will remain until handled. State will also be kept.</param>
        </member>
        <member name="M:Meadow.Foundation.ICs.IOExpanders.Sc16is752.#ctor(Meadow.Hardware.ISpiBus,Meadow.Units.Frequency,Meadow.Hardware.IDigitalOutputPort,Meadow.Hardware.IDigitalInterruptPort,System.Boolean)">
            <summary>
            Initializes a new instance of the Sc16is752 class using an SPI bus, oscillator frequency, an optional chip select digital output port, and an optional IRQ digital interrupt port.
            </summary>
            <param name="spiBus">The SPI bus for communication.</param>
            <param name="oscillatorFrequency">The oscillator frequency of the device.</param>
            <param name="chipSelect">An optional digital output port for chip select (CS).</param>
            <param name="irq">An optional digital interrupt port for IRQ (Interrupt Request).</param>
            <param name="latchGpioInterrupt">An interrupt triggered by a GPIO change, will remain until handled. State will also be kept.</param>
        </member>
        <member name="T:Meadow.Foundation.ICs.IOExpanders.Sc16is762">
            <summary>
            Represents an Sc16is762 I/O expander device
            </summary>
        </member>
        <member name="M:Meadow.Foundation.ICs.IOExpanders.Sc16is762.#ctor(Meadow.Units.Frequency,Meadow.Hardware.IDigitalInterruptPort,System.Boolean)">
            <summary>
            Initializes a new instance of the Sc16is762 class using an oscillator frequency and an optional IRQ digital interrupt port.
            </summary>
            <param name="oscillatorFrequency">The oscillator frequency of the device.</param>
            <param name="irq">An optional digital interrupt port for IRQ (Interrupt Request).</param>
            <param name="latchGpioInterrupt">An interrupt triggered by a GPIO change, will remain until handled. State will also be kept.</param>
        </member>
        <member name="M:Meadow.Foundation.ICs.IOExpanders.Sc16is762.#ctor(Meadow.Hardware.II2cBus,Meadow.Units.Frequency,Meadow.Foundation.ICs.IOExpanders.Sc16is7x2.Addresses,Meadow.Hardware.IDigitalInterruptPort,System.Boolean)">
            <summary>
            Initializes a new instance of the Sc16is762 class using an I2C bus, oscillator frequency, an address, and an optional IRQ digital interrupt port.
            </summary>
            <param name="i2cBus">The I2C bus for communication.</param>
            <param name="oscillatorFrequency">The oscillator frequency of the device.</param>
            <param name="address">The I2C address of the device (default is 0x48).</param>
            <param name="irq">An optional digital interrupt port for IRQ (Interrupt Request).</param>
            <param name="latchGpioInterrupt">An interrupt triggered by a GPIO change, will remain until handled. State will also be kept.</param>
        </member>
        <member name="M:Meadow.Foundation.ICs.IOExpanders.Sc16is762.#ctor(Meadow.Hardware.ISpiBus,Meadow.Units.Frequency,Meadow.Hardware.IDigitalOutputPort,Meadow.Hardware.IDigitalInterruptPort,System.Boolean)">
            <summary>
            Initializes a new instance of the Sc16is762 class using an SPI bus, oscillator frequency, an optional chip select digital output port, and an optional IRQ digital interrupt port.
            </summary>
            <param name="spiBus">The SPI bus for communication.</param>
            <param name="oscillatorFrequency">The oscillator frequency of the device.</param>
            <param name="chipSelect">An optional digital output port for chip select (CS).</param>
            <param name="irq">An optional digital interrupt port for IRQ (Interrupt Request).</param>
            <param name="latchGpioInterrupt">An interrupt triggered by a GPIO change, will remain until handled. State will also be kept.</param>
        </member>
        <member name="T:Meadow.Foundation.ICs.IOExpanders.FifoBuffer">
            <summary>
            This FIFO buffer is implemented as a circular buffer. (Standard computer science stuff)
            It operates on bytes. The only special method is WriteString,
            which writes a string to the buffer after converting it with Encoding.ASCII.GetBytes().
            </summary>
        </member>
        <member name="P:Meadow.Foundation.ICs.IOExpanders.FifoBuffer.Capacity">
            <summary>
            The number of bytes that can be stored in the buffer.
            </summary>
        </member>
        <member name="P:Meadow.Foundation.ICs.IOExpanders.FifoBuffer.Count">
            <summary>
            The number of bytes currently stored in the buffer. Increases with Write() and decreases with Read().
            </summary>
        </member>
        <member name="M:Meadow.Foundation.ICs.IOExpanders.FifoBuffer.#ctor(System.Int32)">
            <summary>
            Create a FIFO byte buffer with a specified capacity.
            The buffer is circular, so it will reuse the allocated space.
            Write operations will consume space in the buffer, and read operations will free up space.
            If you try to write more data than its capacity, it will throw an error.
            </summary>
            <param name="capacity">The size of the circular buffer, containing bytes.</param>
            <exception cref="T:System.ArgumentException"></exception>
        </member>
        <member name="M:Meadow.Foundation.ICs.IOExpanders.FifoBuffer.Clear">
            <summary>
            Clear/empty the FIFO buffer.
            </summary>
        </member>
        <member name="M:Meadow.Foundation.ICs.IOExpanders.FifoBuffer.Write(System.Byte)">
            <summary>
            Add new item to the _nestWrite position in the buffer.
            Then move the _nextWrite position. If it goes beyond the capacity, it will wrap around to 0.
            If you try to write more data than the capacity, it will throw an error.
            </summary>
            <param name="item"></param>
            <exception cref="T:System.InvalidOperationException"></exception>
        </member>
        <member name="M:Meadow.Foundation.ICs.IOExpanders.FifoBuffer.Read">
            <summary>
            Method to remove and return the oldest item. The one at the _nextRead position.
            The _nextRead position will be moved. If it goes beyond the capacity, it will wrap around to 0.
            If you try to read from an empty buffer, it will throw an error.
            </summary>
            <returns></returns>
            <exception cref="T:System.InvalidOperationException"></exception>
        </member>
        <member name="P:Meadow.Foundation.ICs.IOExpanders.FifoBuffer.Item(System.Int32)">
            <summary>
            Peek at element at index, relative to the _nextRead position.
            The byte at relative index 0 is the oldest one, so looking at [0] is the same as Peek().
            </summary>
            <param name="index"></param>
            <returns></returns>
            <exception cref="T:System.ArgumentOutOfRangeException"></exception>
        </member>
        <member name="M:Meadow.Foundation.ICs.IOExpanders.FifoBuffer.Peek">
            <summary>
            Method to just return the oldest item. The one at the _nextRead position. (Withoit removing it)
            If the buffer is empty, it will throw an error.
            </summary>
            <returns></returns>
            <exception cref="T:System.InvalidOperationException"></exception>
        </member>
        <member name="M:Meadow.Foundation.ICs.IOExpanders.FifoBuffer.WriteString(System.String)">
            <summary>
            Bonus method to add a string to the buffer.
            Each character in the string will be converted to a byte and written to the buffer.
            This method can be usefull if you need to tag some data written to the buffer with a string.
            </summary>
            <param name="text"></param>
        </member>
        <member name="T:Meadow.Foundation.ICs.IOExpanders.Sc16is7x2">
            <summary>
            Represents an Sc16is7x2 SPI/I2C dual UART (with 8 GPIO's)
            </summary>
            <summary>
            Represents an Sc16is7x2 SPI/I2C dual UART (with 8 GPIO's)
            </summary>
            <summary>
            Represents an Sc16is7x2 SPI/I2C dual UART (with 8 GPIO's)
            </summary>
        </member>
        <member name="P:Meadow.Foundation.ICs.IOExpanders.Sc16is7x2.PortA">
            <summary>
            The port name for Port A
            </summary>
        </member>
        <member name="P:Meadow.Foundation.ICs.IOExpanders.Sc16is7x2.PortB">
            <summary>
            The port name for Port B
            </summary>
        </member>
        <member name="P:Meadow.Foundation.ICs.IOExpanders.Sc16is7x2.Pins">
            <summary>
            03.12.2023: Sc16is7x2 pin definitions for GPIO pins.
            </summary>
        </member>
        <member name="M:Meadow.Foundation.ICs.IOExpanders.Sc16is7x2.CreateSerialPort(Meadow.Hardware.SerialPortName,System.Int32,System.Int32,Meadow.Hardware.Parity,Meadow.Hardware.StopBits,System.Int32)">
            <summary>
            Creates an RS232 Serial Port
            </summary>
            <param name="portName">The Sc16SerialPortName name of the channel to create</param>
            <param name="baudRate">The baud rate used in communication</param>
            <param name="dataBits">The data bits used in communication</param>
            <param name="parity">The parity used in communication</param>
            <param name="stopBits">The stop bits used in communication</param>
            <param name="readBufferSize">The software FIFO read buffer size. (Not the 64 bytes on chip FIFO)</param>
        </member>
        <member name="M:Meadow.Foundation.ICs.IOExpanders.Sc16is7x2.CreateRs485SerialPort(Meadow.Foundation.ICs.IOExpanders.Sc16is7x2.Sc16SerialPortName,System.Int32,System.Int32,Meadow.Hardware.Parity,Meadow.Hardware.StopBits,System.Boolean)">
            <summary>
            Creates an RS485 Serial Port
            </summary>
            <param name="portName">The Sc16SerialPortName name of the channel to create</param>
            <param name="baudRate">The baud rate used in communication</param>
            <param name="dataBits">The data bits used in communication</param>
            <param name="parity">The parity used in communication</param>
            <param name="stopBits">The stop bits used in communication</param>
            <param name="invertDE">Set to true to invert the logic (active high) driver enable output signal</param>
        </member>
        <member name="M:Meadow.Foundation.ICs.IOExpanders.Sc16is7x2.GetWriteFifoSpace(Meadow.Foundation.ICs.IOExpanders.Sc16is7x2.Channels)">
            <summary>
            Reads the empty space in the transmit fifo
            </summary>
            <param name="channel"></param>
            <returns></returns>
        </member>
        <member name="M:Meadow.Foundation.ICs.IOExpanders.Sc16is7x2.CreateDigitalInputPort(Meadow.Hardware.IPin,Meadow.Hardware.ResistorMode)">
            <summary>
            Create a digital input port on a SC16IS7x2 IO expander.
            </summary>
            <param name="pin">The GPIO pin to use.</param>
            <param name="resistorMode">SC16IS7x2 GPIO's does not support pullup or pulldown on inputs.</param>
            <returns></returns>
            <exception cref="T:System.Exception"></exception>
        </member>
        <member name="M:Meadow.Foundation.ICs.IOExpanders.Sc16is7x2.ConfigureInputPort(Meadow.Hardware.IPin)">
            <summary>
            Configure the hardware port settings on the SC16IS7x2
            </summary>
            <param name="pin">The MCP pin associated with the port</param>
            <exception cref="T:System.Exception">Throw exception if pin is out of range</exception>
        </member>
        <member name="M:Meadow.Foundation.ICs.IOExpanders.Sc16is7x2.PreValidatedSetPortDirection(Meadow.Hardware.IPin,Meadow.Hardware.PortDirectionType)">
            <summary>
            Sets the direction of a port using pre-cached information.
            This overload assumes the pin has been pre-verified as valid.
            </summary>
        </member>
        <member name="M:Meadow.Foundation.ICs.IOExpanders.Sc16is7x2.SetPortDirection(Meadow.Hardware.IPin,Meadow.Hardware.PortDirectionType)">
            <summary>
            Sets the direction of a port
            </summary>
            <param name="pin">The pin representing the port</param>
            <param name="direction">The port direction (input or output)</param>
        </member>
        <member name="M:Meadow.Foundation.ICs.IOExpanders.Sc16is7x2.ReadPort(Meadow.Hardware.IPin)">
            <summary>
            Gets the value of a particular port.
            </summary>
            <param name="pin"></param>
            <returns></returns>
        </member>
        <member name="M:Meadow.Foundation.ICs.IOExpanders.Sc16is7x2.CreateDigitalOutputPort(Meadow.Hardware.IPin,System.Boolean,Meadow.Hardware.OutputType)">
            <summary>
            Create a digital output port on a SC16IS7x2 IO expander.
            </summary>
            <param name="pin">The GPIO pin to use.</param>
            <param name="initialState">Initial state. Either true or false.</param>
            <param name="outputType">Always push/pull on SC16IS7x2.</param>
            <returns></returns>
            <exception cref="T:System.NotImplementedException"></exception>
        </member>
        <member name="M:Meadow.Foundation.ICs.IOExpanders.Sc16is7x2.WriteToGpioPort(Meadow.Hardware.IPin,System.Boolean)">
            <summary>
            Sets a particular pin's value. If that pin is not 
            in output mode, this method will first set its 
            mode to output.
            
            This overload takes in cached details that are assumed
            to be accurate for better performance.
            </summary>
        </member>
        <member name="M:Meadow.Foundation.ICs.IOExpanders.Sc16is7x2.GetInterruptSource">
            <summary>
            Get the Interrupt Identification Register (IIR) value.
            </summary>
            <returns></returns>
        </member>
        <member name="M:Meadow.Foundation.ICs.IOExpanders.Sc16is7x2.GetInterruptSourceType(System.Byte)">
            <summary>
            Get the interrupt source type from the IIR register value. (Interrupt Identification Register)
            Ref. page 14 and 24 in datasheet. Mostly for debugging.
            Not sure if multiple sources can be active at the same time. If so, this will need to be modified.
            </summary>
            <param name="iir">The IIR register value. (Interrupt Identification Register)</param>
            <returns></returns>
        </member>
        <member name="M:Meadow.Foundation.ICs.IOExpanders.Sc16is7x2.IsValidPin(Meadow.Hardware.IPin)">
            <summary>
            Is the pin valid for this device instance
            </summary>
            <param name="pin">The IPin to validate</param>
            <returns>True if pin is valid</returns>
        </member>
        <member name="M:Meadow.Foundation.ICs.IOExpanders.Sc16is7x2.PrintAddressContent">
            <summary>
            Print the content of the address space for debugging purposes.
            </summary>
        </member>
        <member name="T:Meadow.Foundation.ICs.IOExpanders.Sc16is7x2.DigitalInputPort">
            <summary>
            Represents an SC16IS7x2 digital input port
            Mostly copied from the MCP23xxx implementation
            </summary>
        </member>
        <member name="P:Meadow.Foundation.ICs.IOExpanders.Sc16is7x2.DigitalInputPort.State">
            <inheritdoc/>
        </member>
        <member name="P:Meadow.Foundation.ICs.IOExpanders.Sc16is7x2.DigitalInputPort.Resistor">
            <inheritdoc/>
        </member>
        <member name="M:Meadow.Foundation.ICs.IOExpanders.Sc16is7x2.DigitalInputPort.#ctor(Meadow.Hardware.IPin,System.Boolean,Meadow.Hardware.ResistorMode)">
            <summary>
            Create a new DigitalInputPort object
            </summary>
            <param name="pin">The GPIO pin to configure as an input pin</param>
            <param name="initState">The initial state of the pin</param>
            <param name="resistorMode">The resistor mode used by the interrupt pin</param>
        </member>
        <member name="M:Meadow.Foundation.ICs.IOExpanders.Sc16is7x2.DigitalInputPort.Update(System.Boolean)">
            <summary>
            Update the port value 
            </summary>
            <param name="newState">The new port state</param>
        </member>
        <member name="T:Meadow.Foundation.ICs.IOExpanders.Sc16is7x2.DigitalInputPort.StateChangedHandler">
            <summary>
            Event to be raised whenever the port state changes.
            </summary>
            <param name="sender"></param>
            <param name="e"></param>
        </member>
        <member name="E:Meadow.Foundation.ICs.IOExpanders.Sc16is7x2.DigitalInputPort.StateChanged">
            <summary>
            Event to be raised whenever the port state changes.
            </summary>
        </member>
        <member name="T:Meadow.Foundation.ICs.IOExpanders.Sc16is7x2.DigitalInputPort.StateChangedEventArgs">
            <summary>
            Event arguments for the StateChanged event
            </summary>
        </member>
        <member name="P:Meadow.Foundation.ICs.IOExpanders.Sc16is7x2.DigitalInputPort.StateChangedEventArgs.NewState">
            <summary>
            The new pin state
            </summary>
        </member>
        <member name="P:Meadow.Foundation.ICs.IOExpanders.Sc16is7x2.DigitalInputPort.StateChangedEventArgs.OldState">
            <summary>
            The old pin state
            </summary>
        </member>
        <member name="T:Meadow.Foundation.ICs.IOExpanders.Sc16is7x2.DigitalOutputPort">
            <summary>
            Represents an Sc16is7x2 DigitalOutputPort 
            Copied from the Mcp23xxx implementation
            </summary>
        </member>
        <member name="T:Meadow.Foundation.ICs.IOExpanders.Sc16is7x2.DigitalOutputPort.SetPinStateDelegate">
            <summary>
            Enable the caller to receive pin state updates
            </summary>
            <param name="pin"></param>
            <param name="state"></param>
        </member>
        <member name="F:Meadow.Foundation.ICs.IOExpanders.Sc16is7x2.DigitalOutputPort.SetPinState">
            <summary>
            The SetPinState delegate 
            </summary>
        </member>
        <member name="P:Meadow.Foundation.ICs.IOExpanders.Sc16is7x2.DigitalOutputPort.State">
            <summary>
            The port state
            True for high, false for low
            </summary>
        </member>
        <member name="M:Meadow.Foundation.ICs.IOExpanders.Sc16is7x2.DigitalOutputPort.#ctor(Meadow.Hardware.IPin,System.Boolean,Meadow.Hardware.OutputType)">
            <summary>
            Create a new DigitalOutputPort 
            </summary>
            <param name="pin">The pin representing the port</param>
            <param name="initialState">The initial port state</param>
            <param name="outputType">An IPin instance</param>
        </member>
        <member name="T:Meadow.Foundation.ICs.IOExpanders.Sc16is7x2.Addresses">
            <summary>
            The list of possible I2C addresses for the peripheral
            </summary>
        </member>
        <member name="F:Meadow.Foundation.ICs.IOExpanders.Sc16is7x2.Addresses.Address_0x48">
            <summary>
            Bus address 0x48
            </summary>
        </member>
        <member name="F:Meadow.Foundation.ICs.IOExpanders.Sc16is7x2.Addresses.Address_0x49">
            <summary>
            Bus address 0x49
            </summary>
        </member>
        <member name="F:Meadow.Foundation.ICs.IOExpanders.Sc16is7x2.Addresses.Address_0x4A">
            <summary>
            Bus address 0x4A
            </summary>
        </member>
        <member name="F:Meadow.Foundation.ICs.IOExpanders.Sc16is7x2.Addresses.Address_0x4B">
            <summary>
            Bus address 0x4B
            </summary>
        </member>
        <member name="F:Meadow.Foundation.ICs.IOExpanders.Sc16is7x2.Addresses.Address_0x4C">
            <summary>
            Bus address 0x4C
            </summary>
        </member>
        <member name="F:Meadow.Foundation.ICs.IOExpanders.Sc16is7x2.Addresses.Address_0x4D">
            <summary>
            Bus address 0x4D
            </summary>
        </member>
        <member name="F:Meadow.Foundation.ICs.IOExpanders.Sc16is7x2.Addresses.Address_0x4E">
            <summary>
            Bus address 0x4E
            </summary>
        </member>
        <member name="F:Meadow.Foundation.ICs.IOExpanders.Sc16is7x2.Addresses.Address_0x4F">
            <summary>
            Bus address 0x4F
            </summary>
        </member>
        <member name="F:Meadow.Foundation.ICs.IOExpanders.Sc16is7x2.Addresses.Address_0x50">
            <summary>
            Bus address 0x50
            </summary>
        </member>
        <member name="F:Meadow.Foundation.ICs.IOExpanders.Sc16is7x2.Addresses.Address_0x51">
            <summary>
            Bus address 0x51
            </summary>
        </member>
        <member name="F:Meadow.Foundation.ICs.IOExpanders.Sc16is7x2.Addresses.Address_0x52">
            <summary>
            Bus address 0x52
            </summary>
        </member>
        <member name="F:Meadow.Foundation.ICs.IOExpanders.Sc16is7x2.Addresses.Address_0x53">
            <summary>
            Bus address 0x53
            </summary>
        </member>
        <member name="F:Meadow.Foundation.ICs.IOExpanders.Sc16is7x2.Addresses.Address_0x54">
            <summary>
            Bus address 0x54
            </summary>
        </member>
        <member name="F:Meadow.Foundation.ICs.IOExpanders.Sc16is7x2.Addresses.Address_0x55">
            <summary>
            Bus address 0x55
            </summary>
        </member>
        <member name="F:Meadow.Foundation.ICs.IOExpanders.Sc16is7x2.Addresses.Address_0x56">
            <summary>
            Bus address 0x56
            </summary>
        </member>
        <member name="F:Meadow.Foundation.ICs.IOExpanders.Sc16is7x2.Addresses.Address_0x57">
            <summary>
            Bus address 0x57
            </summary>
        </member>
        <member name="F:Meadow.Foundation.ICs.IOExpanders.Sc16is7x2.Addresses.Default">
            <summary>
            The default bus address (0x48)
            </summary>
        </member>
        <member name="T:Meadow.Foundation.ICs.IOExpanders.Sc16is7x2.InterruptSourceType">
            <summary>
            The interrupt sources for the SC16IS7x2
            Using a bit mask to allow for multiple sources to be set, with minimal overhead.
            Really not sure if multiple sources can be active at the same time, but making it possible.
            </summary>
        </member>
        <member name="F:Meadow.Foundation.ICs.IOExpanders.Sc16is7x2.InterruptSourceType.Unknown">
            <summary>
            Unknown Interrupt Identification Register (IIR) status
            </summary>
        </member>
        <member name="F:Meadow.Foundation.ICs.IOExpanders.Sc16is7x2.InterruptSourceType.None">
            <summary>
            No interrupt.
            </summary>
        </member>
        <member name="F:Meadow.Foundation.ICs.IOExpanders.Sc16is7x2.InterruptSourceType.ReceiverLineStatus">
            <summary>
            Overrun Error(OE), Framing Error(FE), Parity Error, (PE), or Break Interrupt(BI) errors occur in characters in the RX FIFO.
            </summary>
        </member>
        <member name="F:Meadow.Foundation.ICs.IOExpanders.Sc16is7x2.InterruptSourceType.RxTimeout">
            <summary>
            Stale data in RX FIFO.
            </summary>
        </member>
        <member name="F:Meadow.Foundation.ICs.IOExpanders.Sc16is7x2.InterruptSourceType.RHR">
            <summary>
            Receive data ready (FIFO disable) or RX FIFO above trigger level (FIFO enable)
            </summary>
        </member>
        <member name="F:Meadow.Foundation.ICs.IOExpanders.Sc16is7x2.InterruptSourceType.THR">
            <summary>
            Transmit FIFO empty (FIFO disable) or TX FIFO passes above trigger level (FIFO enable)
            </summary>
        </member>
        <member name="F:Meadow.Foundation.ICs.IOExpanders.Sc16is7x2.InterruptSourceType.ModemStatus">
            <summary>
            Change of state of modem input pins.
            </summary>
        </member>
        <member name="F:Meadow.Foundation.ICs.IOExpanders.Sc16is7x2.InterruptSourceType.GpioPins">
            <summary>
            Input pins change of state. (GPIO)
            </summary>
        </member>
        <member name="F:Meadow.Foundation.ICs.IOExpanders.Sc16is7x2.InterruptSourceType.Xoff">
            <summary>
            Receive Xoff character(s)/special character.
            </summary>
        </member>
        <member name="F:Meadow.Foundation.ICs.IOExpanders.Sc16is7x2.InterruptSourceType.CtsRts">
            <summary>
            RTS pin or CTS pin change state from active(LOW) to inactive(HIGH).
            </summary>
        </member>
        <member name="P:Meadow.Foundation.ICs.IOExpanders.Sc16is7x2.DefaultI2cAddress">
            <summary>
            The default I2C address for the peripheral
            </summary>
        </member>
        <member name="P:Meadow.Foundation.ICs.IOExpanders.Sc16is7x2.MaxI2cBusSpeed">
            <summary>
            The maximum I2C bus speed for the peripheral
            </summary>
        </member>
        <member name="M:Meadow.Foundation.ICs.IOExpanders.Sc16is7x2.#ctor(Meadow.Hardware.II2cBus,Meadow.Units.Frequency,Meadow.Foundation.ICs.IOExpanders.Sc16is7x2.Addresses,Meadow.Hardware.IDigitalInterruptPort,System.Boolean)">
            <summary>
            Create a new Sc16is7x2 object
            </summary>
            <param name="i2cBus">The I2C bus connected to the peripheral</param>
            <param name="address">The I2C address</param>
            <param name="oscillatorFrequency">The frequency of the oscillator connected to the SC16IS</param>
            <param name="irq">An optional interrupt port used to detect change conditions on the peripheral</param>
            <param name="latchGpioInterrupt">An interrupt triggered by a GPIO change, will remain until handled. State will also be kept.</param>
        </member>
        <member name="T:Meadow.Foundation.ICs.IOExpanders.Sc16is7x2.PinDefinitions">
            <summary>
            Pin definitions for the 8 GPIO pins
            03.12.2023: This is a copy of the Mcp23x0x.PinDefinitions.cs file.
            </summary>
        </member>
        <member name="P:Meadow.Foundation.ICs.IOExpanders.Sc16is7x2.PinDefinitions.Controller">
            <summary>
            The controller for the pins
            </summary>
        </member>
        <member name="P:Meadow.Foundation.ICs.IOExpanders.Sc16is7x2.PinDefinitions.AllPins">
            <summary>
            List of pins
            </summary>
        </member>
        <member name="P:Meadow.Foundation.ICs.IOExpanders.Sc16is7x2.PinDefinitions.GP0">
            <summary>
            Pin GP0
            </summary>
        </member>
        <member name="P:Meadow.Foundation.ICs.IOExpanders.Sc16is7x2.PinDefinitions.GP1">
            <summary>
            Pin GP1
            </summary>
        </member>
        <member name="P:Meadow.Foundation.ICs.IOExpanders.Sc16is7x2.PinDefinitions.GP2">
            <summary>
            Pin GP2
            </summary>
        </member>
        <member name="P:Meadow.Foundation.ICs.IOExpanders.Sc16is7x2.PinDefinitions.GP3">
            <summary>
            Pin GP3
            </summary>
        </member>
        <member name="P:Meadow.Foundation.ICs.IOExpanders.Sc16is7x2.PinDefinitions.GP4">
            <summary>
            Pin GP4
            </summary>
        </member>
        <member name="P:Meadow.Foundation.ICs.IOExpanders.Sc16is7x2.PinDefinitions.GP5">
            <summary>
            Pin GP5
            </summary>
        </member>
        <member name="P:Meadow.Foundation.ICs.IOExpanders.Sc16is7x2.PinDefinitions.GP6">
            <summary>
            Pin GP6
            </summary>
        </member>
        <member name="P:Meadow.Foundation.ICs.IOExpanders.Sc16is7x2.PinDefinitions.GP7">
            <summary>
            Pin GP7
            </summary>
        </member>
        <member name="M:Meadow.Foundation.ICs.IOExpanders.Sc16is7x2.PinDefinitions.#ctor(Meadow.Foundation.ICs.IOExpanders.Sc16is7x2)">
            <summary>
            Create a new PinDefinitions object
            </summary>
        </member>
        <member name="M:Meadow.Foundation.ICs.IOExpanders.Sc16is7x2.PinDefinitions.InitAllPins">
            <summary>
            Initialize all pins
            </summary>
        </member>
        <member name="M:Meadow.Foundation.ICs.IOExpanders.Sc16is7x2.PinDefinitions.GetEnumerator">
            <summary>
            Get Pins
            </summary>
            <returns>IEnumerator of IPin with all pins</returns>
        </member>
        <member name="T:Meadow.Foundation.ICs.IOExpanders.Sc16is7x2.Sc16is7x2Channel">
            <summary>
            Encapsulates a channel of the SC16IS7x2 peripheral as an ISerialPort
            </summary>
        </member>
        <member name="E:Meadow.Foundation.ICs.IOExpanders.Sc16is7x2.Sc16is7x2Channel.DataReceived">
            <inheritdoc/>
        </member>
        <member name="E:Meadow.Foundation.ICs.IOExpanders.Sc16is7x2.Sc16is7x2Channel.BufferOverrun">
            <inheritdoc/>
        </member>
        <member name="P:Meadow.Foundation.ICs.IOExpanders.Sc16is7x2.Sc16is7x2Channel.BytesToRead">
            <inheritdoc/>
        </member>
        <member name="P:Meadow.Foundation.ICs.IOExpanders.Sc16is7x2.Sc16is7x2Channel.IsOpen">
            <inheritdoc/>
        </member>
        <member name="P:Meadow.Foundation.ICs.IOExpanders.Sc16is7x2.Sc16is7x2Channel.PortName">
            <inheritdoc/>
        </member>
        <member name="P:Meadow.Foundation.ICs.IOExpanders.Sc16is7x2.Sc16is7x2Channel.ReceiveBufferSize">
            <summary>
            Size of the receive buffer (FIFO).
            </summary>
            <remarks>This is fixed at 64-bytes for this hardware</remarks>
        </member>
        <member name="P:Meadow.Foundation.ICs.IOExpanders.Sc16is7x2.Sc16is7x2Channel.ReadTimeout">
            <inheritdoc/>
        </member>
        <member name="P:Meadow.Foundation.ICs.IOExpanders.Sc16is7x2.Sc16is7x2Channel.WriteTimeout">
            <inheritdoc/>
        </member>
        <member name="M:Meadow.Foundation.ICs.IOExpanders.Sc16is7x2.Sc16is7x2Channel.#ctor(Meadow.Foundation.ICs.IOExpanders.Sc16is7x2,System.String,Meadow.Foundation.ICs.IOExpanders.Sc16is7x2.Channels,System.Int32,System.Int32,Meadow.Hardware.Parity,Meadow.Hardware.StopBits,System.Boolean,System.Boolean,Meadow.Hardware.IDigitalInterruptPort,System.Int32)">
            <summary>
            This method is never called directly from user code.
            </summary>
            <param name="controller">The parent Sc16is7x2 controller.</param>
            <param name="portName">Firendly port name</param>
            <param name="channel">Channel port code</param>
            <param name="baudRate"></param>
            <param name="dataBits"></param>
            <param name="parity"></param>
            <param name="stopBits"></param>
            <param name="isRS485"></param>
            <param name="invertDE"></param>
            <param name="irq">The IDigitalInterruptPort connected to the IRQ pin on SC16IS7x2.</param>
            <param name="readBufferSize">An interrupt from SC16IS7x2 will not be reset until all bytes in the FIFO are read. So we need a local buffer.</param>
        </member>
        <member name="P:Meadow.Foundation.ICs.IOExpanders.Sc16is7x2.Sc16is7x2Channel.BaudRate">
            <inheritdoc/>
        </member>
        <member name="P:Meadow.Foundation.ICs.IOExpanders.Sc16is7x2.Sc16is7x2Channel.DataBits">
            <inheritdoc/>
        </member>
        <member name="P:Meadow.Foundation.ICs.IOExpanders.Sc16is7x2.Sc16is7x2Channel.Parity">
            <inheritdoc/>
        </member>
        <member name="P:Meadow.Foundation.ICs.IOExpanders.Sc16is7x2.Sc16is7x2Channel.StopBits">
            <inheritdoc/>
        </member>
        <member name="M:Meadow.Foundation.ICs.IOExpanders.Sc16is7x2.Sc16is7x2Channel.ReadAllIrqFifo">
            <summary>
            Try to read all bytes from the FIFO buffer.
            </summary>
        </member>
        <member name="M:Meadow.Foundation.ICs.IOExpanders.Sc16is7x2.Sc16is7x2Channel.ReadByte">
            <inheritdoc/>
        </member>
        <member name="M:Meadow.Foundation.ICs.IOExpanders.Sc16is7x2.Sc16is7x2Channel.Read(System.Byte[],System.Int32,System.Int32)">
            <inheritdoc/>
        </member>
        <member name="M:Meadow.Foundation.ICs.IOExpanders.Sc16is7x2.Sc16is7x2Channel.ReadAll">
            <inheritdoc/>
        </member>
        <member name="M:Meadow.Foundation.ICs.IOExpanders.Sc16is7x2.Sc16is7x2Channel.ClearReceiveBuffer">
            <inheritdoc/>
        </member>
        <member name="M:Meadow.Foundation.ICs.IOExpanders.Sc16is7x2.Sc16is7x2Channel.Close">
            <inheritdoc/>
        </member>
        <member name="M:Meadow.Foundation.ICs.IOExpanders.Sc16is7x2.Sc16is7x2Channel.Dispose">
            <inheritdoc/>
        </member>
        <member name="M:Meadow.Foundation.ICs.IOExpanders.Sc16is7x2.Sc16is7x2Channel.Open">
            <inheritdoc/>
        </member>
        <member name="M:Meadow.Foundation.ICs.IOExpanders.Sc16is7x2.Sc16is7x2Channel.Peek">
            <inheritdoc/>
        </member>
        <member name="M:Meadow.Foundation.ICs.IOExpanders.Sc16is7x2.Sc16is7x2Channel.Write(System.Byte[])">
            <inheritdoc/>
        </member>
        <member name="M:Meadow.Foundation.ICs.IOExpanders.Sc16is7x2.Sc16is7x2Channel.Write(System.Byte[],System.Int32,System.Int32)">
            <inheritdoc/>
        </member>
        <member name="T:Meadow.Foundation.ICs.IOExpanders.Sc16is7x2.Sc16SerialPortName">
            <summary>
            The SC16is7x2 SerialPortName
            </summary>
        </member>
        <member name="P:Meadow.Foundation.ICs.IOExpanders.Sc16is7x2.DefaultSpiBusMode">
            <summary>
            The default SPI bus mode for the peripheral
            </summary>
        </member>
        <member name="P:Meadow.Foundation.ICs.IOExpanders.Sc16is7x2.DefaultSpiBusSpeed">
            <summary>
            The default SPI bus frequency for the peripheral
            </summary>
        </member>
        <member name="P:Meadow.Foundation.ICs.IOExpanders.Sc16is7x2.SpiBusMode">
            <summary>
            The current SPI bus mode for the peripheral
            </summary>
        </member>
        <member name="P:Meadow.Foundation.ICs.IOExpanders.Sc16is7x2.SpiBusSpeed">
            <summary>
            The current SPI bus frequency for the peripheral
            </summary>
        </member>
        <member name="M:Meadow.Foundation.ICs.IOExpanders.Sc16is7x2.#ctor(Meadow.Hardware.ISpiBus,Meadow.Units.Frequency,Meadow.Hardware.IDigitalOutputPort,Meadow.Hardware.IDigitalInterruptPort,System.Boolean)">
            <summary>
            Create a new Sc16is7x2 object
            </summary>
            <param name="spiBus">The SPI bus connected to the peripheral</param>
            <param name="chipSelect">The chip-select port used for the peripheral</param>
            <param name="oscillatorFrequency">The frequency of the oscillator connected to the SC16IS</param>
            <param name="irq">An optional interrupt port used to detect change conditions on the peripheral</param>
            <param name="latchGpioInterrupt">An interrupt triggered by a GPIO change, will remain until handled. State will also be kept.</param>
        </member>
        <member name="T:Meadow.Foundation.ICs.IOExpanders.Sc16is7x2Extensions">
            <summary>
            Convenience extension methods for the Sc16is7x2 class
            </summary>
        </member>
        <member name="M:Meadow.Foundation.ICs.IOExpanders.Sc16is7x2Extensions.CreateRs485SerialPort(Meadow.Foundation.ICs.IOExpanders.Sc16is7x2.Sc16SerialPortName,System.Int32,System.Int32,Meadow.Hardware.Parity,Meadow.Hardware.StopBits,System.Boolean)">
            <summary>
            Creates an RS485 Serial Port
            </summary>
            <param name="portName">The Sc16SerialPortName name of the channel to create</param>
            <param name="baudRate">The baud rate used in communication</param>
            <param name="dataBits">The data bits used in communication</param>
            <param name="parity">The parity used in communication</param>
            <param name="stopBits">The stop bits used in communication</param>
            <param name="invertDE">Set to true to invert the logic (active high) driver enable output signal</param>
        </member>
    </members>
</doc>
