<?xml version="1.0"?>
<doc>
    <assembly>
        <name>TextDisplayMenu</name>
    </assembly>
    <members>
        <member name="T:Meadow.Foundation.Displays.UI.InputTypes.InputBase">
            <summary>
            Represents a base input menu item
            </summary>
        </member>
        <member name="F:Meadow.Foundation.Displays.UI.InputTypes.InputBase.display">
            <summary>
            The ITextDisplay object
            </summary>
        </member>
        <member name="F:Meadow.Foundation.Displays.UI.InputTypes.InputBase.isInitialized">
            <summary>
            Is the item initialized
            </summary>
        </member>
        <member name="F:Meadow.Foundation.Displays.UI.InputTypes.InputBase.itemID">
            <summary>
            The item id
            </summary>
        </member>
        <member name="E:Meadow.Foundation.Displays.UI.InputTypes.InputBase.ValueChanged">
            <summary>
            The event raised when the menu item value changes
            </summary>
        </member>
        <member name="M:Meadow.Foundation.Displays.UI.InputTypes.InputBase.GetInput(System.String,System.Object)">
            <summary>
            Get input
            </summary>
            <param name="itemID">Item id</param>
            <param name="currentValue">Current value</param>
        </member>
        <member name="M:Meadow.Foundation.Displays.UI.InputTypes.InputBase.ParseValue(System.Object)">
            <summary>
            Parse value
            </summary>
            <param name="value">Value to parse</param>
        </member>
        <member name="M:Meadow.Foundation.Displays.UI.InputTypes.InputBase.Init(Meadow.Peripherals.Displays.ITextDisplay)">
            <summary>
            Initialize the input
            </summary>
            <param name="display">The display to show the input item</param>
        </member>
        <member name="M:Meadow.Foundation.Displays.UI.InputTypes.InputBase.UpdateInputLine(System.String)">
            ToDo: this should be an event and moved out of TextDisplayMenu
            <summary>
            Update the input line on the display
            </summary>
            <param name="text">The new text to display</param>
        </member>
        <member name="M:Meadow.Foundation.Displays.UI.InputTypes.InputBase.Previous">
            <summary>
            Previous input
            </summary>
            <returns>True if successful</returns>
        </member>
        <member name="M:Meadow.Foundation.Displays.UI.InputTypes.InputBase.Next">
            <summary>
            Next input
            </summary>
            <returns>True if successful</returns>
        </member>
        <member name="M:Meadow.Foundation.Displays.UI.InputTypes.InputBase.Select">
            <summary>
            Select input
            </summary>
            <returns>True if successful</returns>
        </member>
        <member name="M:Meadow.Foundation.Displays.UI.InputTypes.InputBase.Back">
            <summary>
            Back input
            </summary>
            <returns>True if successful</returns>
        </member>
        <member name="T:Meadow.Foundation.Displays.UI.InputTypes.NumericBase">
            <summary>
            Represents a base Numeric input type
            </summary>
        </member>
        <member name="E:Meadow.Foundation.Displays.UI.InputTypes.NumericBase.ValueChanged">
            <summary>
            Raised when the numeric value changes
            </summary>
        </member>
        <member name="M:Meadow.Foundation.Displays.UI.InputTypes.NumericBase.#ctor(System.Int32,System.Int32,System.Byte)">
            <summary>
            Create a new NumericBase object
            </summary>
            <param name="min">The minimum int value</param>
            <param name="max">The maximum int value</param>
            <param name="scale">The scale or step size between values</param>
        </member>
        <member name="M:Meadow.Foundation.Displays.UI.InputTypes.NumericBase.GetInput(System.String,System.Object)">
            <summary>
            Get the input
            </summary>
            <param name="itemID">The item id</param>
            <param name="currentValue">The current value</param>
            <exception cref="T:System.InvalidOperationException">Throws if not initialized</exception>
        </member>
        <member name="M:Meadow.Foundation.Displays.UI.InputTypes.NumericBase.Previous">
            <summary>
            Send a Previous input to the item
            </summary>
            <returns>true</returns>
        </member>
        <member name="M:Meadow.Foundation.Displays.UI.InputTypes.NumericBase.Next">
            <summary>
            Send a Next input to the item
            </summary>
            <returns>true</returns>
        </member>
        <member name="M:Meadow.Foundation.Displays.UI.InputTypes.NumericBase.Select">
            <summary>
            Send a Select input to the item
            </summary>
            <returns>true</returns>
        </member>
        <member name="M:Meadow.Foundation.Displays.UI.InputTypes.NumericBase.Back">
            <summary>
            Send a Back input to the item
            </summary>
            <returns>true</returns>
        </member>
        <member name="M:Meadow.Foundation.Displays.UI.InputTypes.NumericBase.ParseValue(System.Object)">
            <summary>
            Parse a value for the item
            </summary>
            <param name="value">The string value as an object</param>
        </member>
        <member name="T:Meadow.Foundation.Displays.UI.InputTypes.TimeBase">
            <summary>
            A base time input type
            </summary>
        </member>
        <member name="F:Meadow.Foundation.Displays.UI.InputTypes.TimeBase.timeParts">
            <summary>
            Value for each time part
            </summary>
        </member>
        <member name="F:Meadow.Foundation.Displays.UI.InputTypes.TimeBase.position">
            <summary>
            The current position
            </summary>
        </member>
        <member name="F:Meadow.Foundation.Displays.UI.InputTypes.TimeBase.timeMode">
            <summary>
            The time mode
            </summary>
        </member>
        <member name="E:Meadow.Foundation.Displays.UI.InputTypes.TimeBase.ValueChanged">
            <summary>
            Raised if the input value changes
            </summary>
        </member>
        <member name="M:Meadow.Foundation.Displays.UI.InputTypes.TimeBase.#ctor(Meadow.Foundation.Displays.UI.InputTypes.TimeBase.TimeMode)">
            <summary>
            Create a new TimeBase object
            </summary>
            <param name="timeMode">The time mode</param>
        </member>
        <member name="T:Meadow.Foundation.Displays.UI.InputTypes.TimeBase.TimeMode">
            <summary>
            Time mode for the input, HH:MM:SS, HH:MM, or MM:SS
            </summary>
        </member>
        <member name="F:Meadow.Foundation.Displays.UI.InputTypes.TimeBase.TimeMode.HH_MM_SS">
            <summary>
            Hours, minutes, seconds
            </summary>
        </member>
        <member name="F:Meadow.Foundation.Displays.UI.InputTypes.TimeBase.TimeMode.HH_MM">
            <summary>
            Hours, minutes 
            </summary>
        </member>
        <member name="F:Meadow.Foundation.Displays.UI.InputTypes.TimeBase.TimeMode.MM_SS">
            <summary>
            Minutes, seconds
            </summary>
        </member>
        <member name="M:Meadow.Foundation.Displays.UI.InputTypes.TimeBase.GetInput(System.String,System.Object)">
            <summary>
            Get input from user
            </summary>
            <param name="itemID">id of the menu item</param>
            <param name="currentValue">current value of the menu item</param>
        </member>
        <member name="M:Meadow.Foundation.Displays.UI.InputTypes.TimeBase.Previous">
            <summary>
            Send a Previous input to the item
            </summary>
            <returns>true</returns>
        </member>
        <member name="M:Meadow.Foundation.Displays.UI.InputTypes.TimeBase.Next">
            <summary>
            Send a Next input to the item
            </summary>
            <returns>true</returns>
        </member>
        <member name="M:Meadow.Foundation.Displays.UI.InputTypes.TimeBase.Select">
            <summary>
            Send a Select input to the item
            </summary>
            <returns>true</returns>
        </member>
        <member name="M:Meadow.Foundation.Displays.UI.InputTypes.TimeBase.Back">
            <summary>
            Send a Back input to the item
            </summary>
            <returns>true</returns>
        </member>
        <member name="M:Meadow.Foundation.Displays.UI.InputTypes.TimeBase.ParseValue(System.Object)">
            <summary>
            Parse a value for the item
            </summary>
            <param name="value">The TimeSpan value as an object</param>
        </member>
        <member name="T:Meadow.Foundation.Displays.UI.InputTypes.Age">
            <summary>
            Age input type
            </summary>
        </member>
        <member name="M:Meadow.Foundation.Displays.UI.InputTypes.Age.#ctor">
            <summary>
            Creates a new Age input object
            </summary>
        </member>
        <member name="T:Meadow.Foundation.Displays.UI.InputTypes.Boolean">
            <summary>
            Text display menu bool input type
            </summary>
        </member>
        <member name="M:Meadow.Foundation.Displays.UI.InputTypes.Boolean.#ctor">
            <summary>
            Create a new Boolean input object
            </summary>
        </member>
        <member name="M:Meadow.Foundation.Displays.UI.InputTypes.Boolean.Next">
            <summary>
            Go to the next item in the list
            For Boolean this is a toggle
            </summary>
            <returns>true</returns>
        </member>
        <member name="M:Meadow.Foundation.Displays.UI.InputTypes.Boolean.Previous">
            <summary>
            Go to the previous item in the list
            For Boolean this is a toggle
            </summary>
            <returns>true</returns>
        </member>
        <member name="T:Meadow.Foundation.Displays.UI.InputTypes.Date">
            <summary>
            Text display menu Date input type
            </summary>
        </member>
        <member name="E:Meadow.Foundation.Displays.UI.InputTypes.Date.ValueChanged">
            <summary>
            Raised when the date value changes
            </summary>
        </member>
        <member name="M:Meadow.Foundation.Displays.UI.InputTypes.Date.#ctor">
            <summary>
            Create a new Date input object
            </summary>
        </member>
        <member name="M:Meadow.Foundation.Displays.UI.InputTypes.Date.GetInput(System.String,System.Object)">
            <summary>
            Get input from user
            </summary>
            <param name="itemID">id of the menu item</param>
            <param name="currentValue">current value of the menu item</param>
        </member>
        <member name="M:Meadow.Foundation.Displays.UI.InputTypes.Date.Previous">
            <summary>
            Send a Previous input to the item
            </summary>
            <returns>true</returns>
        </member>
        <member name="M:Meadow.Foundation.Displays.UI.InputTypes.Date.Next">
            <summary>
            Send a Next input to the item
            </summary>
            <returns>true</returns>
        </member>
        <member name="M:Meadow.Foundation.Displays.UI.InputTypes.Date.Select">
            <summary>
            Send a Select input to the item
            </summary>
            <returns>true</returns>
        </member>
        <member name="M:Meadow.Foundation.Displays.UI.InputTypes.Date.Back">
            <summary>
            Send a Back input to the item
            </summary>
            <returns>true</returns>
        </member>
        <member name="M:Meadow.Foundation.Displays.UI.InputTypes.Date.ParseValue(System.Object)">
            <summary>
            Parse the current value
            </summary>
            <param name="value">The value to parse as a string</param>
        </member>
        <member name="T:Meadow.Foundation.Displays.UI.InputTypes.ListBase">
            <summary>
            Text display menu base List input type
            </summary>
        </member>
        <member name="F:Meadow.Foundation.Displays.UI.InputTypes.ListBase.choices">
            <summary>
            List of choices for the input
            </summary>
        </member>
        <member name="F:Meadow.Foundation.Displays.UI.InputTypes.ListBase.selectedIndex">
            <summary>
            Selected index in the list
            </summary>
        </member>
        <member name="E:Meadow.Foundation.Displays.UI.InputTypes.ListBase.ValueChanged">
            <summary>
            The value changed event handler
            </summary>
        </member>
        <member name="P:Meadow.Foundation.Displays.UI.InputTypes.ListBase.OutputDisplay">
            <summary>
            The output display text
            </summary>
        </member>
        <member name="M:Meadow.Foundation.Displays.UI.InputTypes.ListBase.GetInput(System.String,System.Object)">
            <summary>
            Get the input
            </summary>
            <param name="itemID">Item ID</param>
            <param name="currentValue">Current value</param>
            <exception cref="T:System.InvalidOperationException">Throw if not initialized</exception>
        </member>
        <member name="M:Meadow.Foundation.Displays.UI.InputTypes.ListBase.Next">
            <summary>
            Scroll to the next item in the list
            </summary>
            <returns>true</returns>
        </member>
        <member name="M:Meadow.Foundation.Displays.UI.InputTypes.ListBase.Select">
            <summary>
            Select the current item in the list
            </summary>
            <returns>true</returns>
        </member>
        <member name="M:Meadow.Foundation.Displays.UI.InputTypes.ListBase.Back">
            <summary>
            Select the current item in the list
            </summary>
            <returns>true</returns>
        </member>
        <member name="M:Meadow.Foundation.Displays.UI.InputTypes.ListBase.Previous">
            <summary>
            Scroll to the previous item in the list
            </summary>
            <returns>true</returns>
        </member>
        <member name="M:Meadow.Foundation.Displays.UI.InputTypes.ListBase.ParseValue(System.Object)">
            <summary>
            Parse a value for the item
            </summary>
            <param name="value">The string value as an object</param>
        </member>
        <member name="T:Meadow.Foundation.Displays.UI.InputTypes.Numerical">
            <summary>
            Text display menu Numerical input item
            </summary>
        </member>
        <member name="M:Meadow.Foundation.Displays.UI.InputTypes.Numerical.#ctor">
            <summary>
            Creates a new Numerical input object
            </summary>
        </member>
        <member name="T:Meadow.Foundation.Displays.UI.InputTypes.OnOff">
            <summary>
            Text display menu on/off input item
            </summary>
        </member>
        <member name="M:Meadow.Foundation.Displays.UI.InputTypes.OnOff.#ctor">
            <summary>
            Creates a new OnOff input object
            </summary>
        </member>
        <member name="M:Meadow.Foundation.Displays.UI.InputTypes.OnOff.Next">
            <summary>
            Go to the next item in the list
            For On/Off this is a toggle
            </summary>
            <returns>true</returns>
        </member>
        <member name="M:Meadow.Foundation.Displays.UI.InputTypes.OnOff.Previous">
            <summary>
            Go to the previous item in the list
            For On/Off this is a toggle
            </summary>
            <returns>true</returns>
        </member>
        <member name="T:Meadow.Foundation.Displays.UI.InputTypes.Temperature">
            <summary>
            Text display menu Temperature input item
            </summary>
        </member>
        <member name="M:Meadow.Foundation.Displays.UI.InputTypes.Temperature.#ctor">
            <summary>
            Creates a new Temperature input object
            </summary>
        </member>
        <member name="T:Meadow.Foundation.Displays.UI.InputTypes.Time">
            <summary>
            Text display menu Time input item
            </summary>
        </member>
        <member name="M:Meadow.Foundation.Displays.UI.InputTypes.Time.#ctor">
            <summary>
            Creates a new Time input object
            </summary>
        </member>
        <member name="T:Meadow.Foundation.Displays.UI.InputTypes.TimeDetailed">
            <summary>
            Text display menu TimeDetailed input item
            </summary>
        </member>
        <member name="M:Meadow.Foundation.Displays.UI.InputTypes.TimeDetailed.#ctor">
            <summary>
            Creates a new TimeDetailed input object
            </summary>
        </member>
        <member name="T:Meadow.Foundation.Displays.UI.InputTypes.TimeShort">
            <summary>
            Text display menu TimeShort input item
            </summary>
        </member>
        <member name="M:Meadow.Foundation.Displays.UI.InputTypes.TimeShort.#ctor">
            <summary>
            Creates a new TimeShort input object
            </summary>
        </member>
        <member name="T:Meadow.Foundation.Displays.UI.MenuItem">
            <summary>
            Represents a text display menu item
            </summary>
        </member>
        <member name="P:Meadow.Foundation.Displays.UI.MenuItem.SubItems">
            <summary>
            Sub items in the menu
            </summary>
        </member>
        <member name="P:Meadow.Foundation.Displays.UI.MenuItem.Text">
            <summary>
            The text on the menu item
            </summary>
        </member>
        <member name="P:Meadow.Foundation.Displays.UI.MenuItem.Command">
            <summary>
            The optional command when the item is selected
            </summary>
        </member>
        <member name="P:Meadow.Foundation.Displays.UI.MenuItem.Type">
            <summary>
            The menu item type
            </summary>
        </member>
        <member name="P:Meadow.Foundation.Displays.UI.MenuItem.Id">
            <summary>
            The menu item id
            </summary>
        </member>
        <member name="P:Meadow.Foundation.Displays.UI.MenuItem.Value">
            <summary>
            The menu item value
            </summary>
        </member>
        <member name="P:Meadow.Foundation.Displays.UI.MenuItem.HasSubItems">
            <summary>
            Does the item have sub items
            </summary>
        </member>
        <member name="P:Meadow.Foundation.Displays.UI.MenuItem.IsEditable">
            <summary>
            Is the menu item editable by the user
            </summary>
        </member>
        <member name="M:Meadow.Foundation.Displays.UI.MenuItem.#ctor">
            <summary>
            Creates a new MenuItem object
            </summary>
        </member>
        <member name="M:Meadow.Foundation.Displays.UI.MenuItem.#ctor(System.String,System.String,System.String,System.String,System.Object,Meadow.Foundation.Displays.UI.MenuItem[])">
            <summary>
            Creates a new MenuItem object
            </summary>
            <param name="text">The item text</param>
            <param name="command">The item command</param>
            <param name="id">The item id</param>
            <param name="type">The item type</param>
            <param name="value">The item value</param>
            <param name="subItems">Item sub items</param>
        </member>
        <member name="T:Meadow.Foundation.Displays.UI.MenuSelectedEventArgs">
            <summary>
            Text display MenuSelectedEventArgs
            </summary>
        </member>
        <member name="M:Meadow.Foundation.Displays.UI.MenuSelectedEventArgs.#ctor(System.String)">
            <summary>
            Create a new MenuSelectedEventArgs object
            </summary>
            <param name="command">The command</param>
        </member>
        <member name="P:Meadow.Foundation.Displays.UI.MenuSelectedEventArgs.Command">
            <summary>
            Get the command string
            </summary>
        </member>
        <member name="T:Meadow.Foundation.Displays.UI.MenuSelectedHandler">
            <summary>
            MenuSelectedHandler
            </summary>
            <param name="sender">the sender object</param>
            <param name="e">The MenuSelectedEventArgs</param>
        </member>
        <member name="T:Meadow.Foundation.Displays.UI.ValueChangedEventArgs">
            <summary>
            Text display ValueChangedEventArgs
            </summary>
        </member>
        <member name="M:Meadow.Foundation.Displays.UI.ValueChangedEventArgs.#ctor(System.String,System.Object)">
            <summary>
            ValueChangedEventArgs
            </summary>
            <param name="id">Id</param>
            <param name="value">Value</param>
        </member>
        <member name="P:Meadow.Foundation.Displays.UI.ValueChangedEventArgs.ItemID">
            <summary>
            The item ID
            </summary>
        </member>
        <member name="P:Meadow.Foundation.Displays.UI.ValueChangedEventArgs.Value">
            <summary>
            The item value
            </summary>
        </member>
        <member name="T:Meadow.Foundation.Displays.UI.ValueChangedHandler">
            <summary>
            ValueChangedHandler
            </summary>
            <param name="sender">the sender object</param>
            <param name="e">The ValueChangedEventArgs</param>
        </member>
        <member name="T:Meadow.Foundation.Displays.UI.IMenuInputItem">
            <summary>
            Text display TextDisplayMenu Input abstraction
            </summary>
        </member>
        <member name="M:Meadow.Foundation.Displays.UI.IMenuInputItem.Init(Meadow.Peripherals.Displays.ITextDisplay)">
            <summary>
            Initialize
            </summary>
            <param name="display">The display to render the menu</param>
        </member>
        <member name="M:Meadow.Foundation.Displays.UI.IMenuInputItem.GetInput(System.String,System.Object)">
            <summary>
            Get input
            </summary>
            <param name="itemID">Item id</param>
            <param name="currentValue">Current value</param>
        </member>
        <member name="E:Meadow.Foundation.Displays.UI.IMenuInputItem.ValueChanged">
            <summary>
            Raised when the value changes
            </summary>
        </member>
        <member name="T:Meadow.Foundation.Displays.UI.IPage">
            <summary>
            Text display menu page abstraction
            </summary>
        </member>
        <member name="M:Meadow.Foundation.Displays.UI.IPage.Next">
            <summary>
            Next input 
            </summary>
            <returns>true if successful</returns>
        </member>
        <member name="M:Meadow.Foundation.Displays.UI.IPage.Previous">
            <summary>
            Previous input 
            </summary>
            <returns>true if successful</returns>
        </member>
        <member name="M:Meadow.Foundation.Displays.UI.IPage.Select">
            <summary>
            Select input 
            </summary>
            <returns>true if successful</returns>
        </member>
        <member name="M:Meadow.Foundation.Displays.UI.IPage.Back">
            <summary>
            Back input 
            </summary>
            <returns>true if successful</returns>
        </member>
        <member name="T:Meadow.Foundation.Displays.UI.MenuPage">
            <summary>
            Text display MenuPage class
            </summary>
        </member>
        <member name="P:Meadow.Foundation.Displays.UI.MenuPage.ScrollPosition">
            <summary>
            The current scroll position
            </summary>
        </member>
        <member name="P:Meadow.Foundation.Displays.UI.MenuPage.MenuItems">
            <summary>
            The menu items in the page
            </summary>
        </member>
        <member name="M:Meadow.Foundation.Displays.UI.MenuPage.Next">
            <summary>
            Next input
            </summary>
            <returns>True if the page can navigate forward in the list</returns>
        </member>
        <member name="M:Meadow.Foundation.Displays.UI.MenuPage.Previous">
            <summary>
            Previous input
            </summary>
            <returns>True if the page can navigate backwards in the list</returns>
        </member>
        <member name="M:Meadow.Foundation.Displays.UI.MenuPage.Select">
            <summary>
            Select input
            </summary>
            <returns>True</returns>
        </member>
        <member name="M:Meadow.Foundation.Displays.UI.MenuPage.Back">
            <summary>
            Select input
            </summary>
            <returns>True</returns>
        </member>
        <member name="T:Meadow.Foundation.Displays.UI.TextCharacters">
            <summary>
            TextCharacters class for custom characters on LCD character displays
            </summary>
        </member>
        <member name="F:Meadow.Foundation.Displays.UI.TextCharacters.RightArrow">
            <summary>
            Right arrow character
            </summary>
        </member>
        <member name="F:Meadow.Foundation.Displays.UI.TextCharacters.RightArrowSelected">
            <summary>
            Right arrow selected character
            </summary>
        </member>
        <member name="F:Meadow.Foundation.Displays.UI.TextCharacters.BoxSelected">
            <summary>
            Box selected character
            </summary>
        </member>
        <member name="T:Meadow.Foundation.Displays.UI.CustomCharacter">
            <summary>
            Custom character class
            </summary>
        </member>
        <member name="P:Meadow.Foundation.Displays.UI.CustomCharacter.CharMap">
            <summary>
            Character data
            </summary>
        </member>
        <member name="P:Meadow.Foundation.Displays.UI.CustomCharacter.MemorySlot">
            <summary>
            Memory index for the custom character
            </summary>
        </member>
        <member name="T:Meadow.Foundation.Displays.UI.TextDisplayMenu">
            <summary>
            TextDisplayMenu TextDisplayMenu class
            </summary>
        </member>
        <member name="E:Meadow.Foundation.Displays.UI.TextDisplayMenu.Selected">
            <summary>
            Raised when the menu receives a selected input
            </summary>
        </member>
        <member name="E:Meadow.Foundation.Displays.UI.TextDisplayMenu.ValueChanged">
            <summary>
            Raised when a value changes
            </summary>
        </member>
        <member name="E:Meadow.Foundation.Displays.UI.TextDisplayMenu.Exited">
            <summary>
            Raised when the user exits the menu
            </summary>
        </member>
        <member name="P:Meadow.Foundation.Displays.UI.TextDisplayMenu.IsEnabled">
            <summary>
            Is the menu enabled
            </summary>
        </member>
        <member name="M:Meadow.Foundation.Displays.UI.TextDisplayMenu.#ctor(Meadow.Peripherals.Displays.ITextDisplay,System.Byte[],System.Boolean)">
            <summary>
            Create a new TextDisplayMenu object
            </summary>
            <param name="display">The display to render the menu</param>
            <param name="menuJson">Json to define the menu structure</param>
            <param name="showBackOnRoot">True to show Back item on root menu</param>
        </member>
        <member name="M:Meadow.Foundation.Displays.UI.TextDisplayMenu.#ctor(Meadow.Peripherals.Displays.ITextDisplay,Meadow.Foundation.Displays.UI.MenuItem[],System.Boolean)">
            <summary>
            Create a new TextDisplayMenu object
            </summary>
            <param name="display">The display to render the menu</param>
            <param name="menuItems">TextDisplayMenu items array</param>
            <param name="showBackOnRoot">True to show Back item on root menu</param>
        </member>
        <member name="M:Meadow.Foundation.Displays.UI.TextDisplayMenu.Enable">
            <summary>
            Enable the menu
            </summary>
        </member>
        <member name="M:Meadow.Foundation.Displays.UI.TextDisplayMenu.Disable">
            <summary>
            Disable the menu
            </summary>
        </member>
        <member name="M:Meadow.Foundation.Displays.UI.TextDisplayMenu.CreateMenuPage(Meadow.Foundation.Displays.UI.MenuItem[],System.Boolean)">
            <summary>
            Create a TextDisplayMenu page
            </summary>
            <param name="items">Items to populate page</param>
            <param name="addBack">True to add a back item</param>
            <returns>The new MenuPage object</returns>
        </member>
        <member name="M:Meadow.Foundation.Displays.UI.TextDisplayMenu.ShowCurrentPage">
            <summary>
            Show the current page
            </summary>
        </member>
        <member name="M:Meadow.Foundation.Displays.UI.TextDisplayMenu.GetItemText(Meadow.Foundation.Displays.UI.MenuItem,System.Boolean)">
            <summary>
            Get the text for a menu item
            </summary>
            <param name="item">The menu item</param>
            <param name="isSelected">Is the menu selected</param>
            <returns>The item text</returns>
        </member>
        <member name="M:Meadow.Foundation.Displays.UI.TextDisplayMenu.UpdateCurrentMenuPage">
            <summary>
            Updates the currentMenuPage based on the current navigation depth
            </summary>
        </member>
        <member name="M:Meadow.Foundation.Displays.UI.TextDisplayMenu.Next">
            <summary>
            Next input - navigates down/forward in the list of items
            </summary>
            <returns>True if successful, false in menu is disabled</returns>
        </member>
        <member name="M:Meadow.Foundation.Displays.UI.TextDisplayMenu.Previous">
            <summary>
            Previous input - navigates up/back in the list of items
            </summary>
            <returns>True if successful, false in menu is disabled</returns>
        </member>
        <member name="M:Meadow.Foundation.Displays.UI.TextDisplayMenu.Back">
            <summary>
            Back input - navigates back in the navigation stack
            </summary>
            <returns>True if successful, false in menu is disabled</returns>
        </member>
        <member name="M:Meadow.Foundation.Displays.UI.TextDisplayMenu.Select">
            <summary>
            Select input - selects the current item
            </summary>
            <returns>True if successful, false in menu is disabled</returns>
        </member>
        <member name="M:Meadow.Foundation.Displays.UI.TextDisplayMenu.Refresh">
            <summary>
            Refresh / redraw the menu
            </summary>
        </member>
        <member name="M:Meadow.Foundation.Displays.UI.TextDisplayMenu.UpdateItemValue(System.String,System.Object)">
            <summary>
            Update menu item value
            </summary>
            <param name="id">Item id</param>
            <param name="value">New value</param>
        </member>
        <member name="M:Meadow.Foundation.Displays.UI.TextDisplayMenu.UpdateItemValue(System.Collections.Hashtable)">
            <summary>
            Update menu item value
            </summary>
            <param name="values">Values for all items</param>
        </member>
    </members>
</doc>
