<?xml version="1.0"?>
<doc>
    <assembly>
        <name>TftSpi</name>
    </assembly>
    <members>
        <member name="T:Meadow.Foundation.Displays.Gc9a01">
            <summary>
            Represents a Gc9a01 TFT color display
            </summary>
        </member>
        <member name="P:Meadow.Foundation.Displays.Gc9a01.DefaultColorMode">
            <summary>
            The display default color mode
            </summary>
        </member>
        <member name="P:Meadow.Foundation.Displays.Gc9a01.SupportedColorModes">
            <summary>
            The color modes supported by the display
            </summary>
        </member>
        <member name="M:Meadow.Foundation.Displays.Gc9a01.#ctor(Meadow.Hardware.ISpiBus,Meadow.Hardware.IPin,Meadow.Hardware.IPin,Meadow.Hardware.IPin)">
            <summary>
            Create a new Gc9a01 color display object
            </summary>
            <param name="spiBus">SPI bus connected to display</param>
            <param name="chipSelectPin">Chip select pin</param>
            <param name="dcPin">Data command pin</param>
            <param name="resetPin">Reset pin</param>
        </member>
        <member name="M:Meadow.Foundation.Displays.Gc9a01.#ctor(Meadow.Hardware.ISpiBus,Meadow.Hardware.IDigitalOutputPort,Meadow.Hardware.IDigitalOutputPort,Meadow.Hardware.IDigitalOutputPort)">
            <summary>
            Create a new Gc9a01 color display object
            </summary>
            <param name="spiBus">SPI bus connected to display</param>
            <param name="chipSelectPort">Chip select output port</param>
            <param name="dataCommandPort">Data command output port</param>
            <param name="resetPort">Reset output port</param>
        </member>
        <member name="M:Meadow.Foundation.Displays.Gc9a01.Initialize">
            <summary>
            Initialize the display
            </summary>
        </member>
        <member name="M:Meadow.Foundation.Displays.Gc9a01.SetRotation(Meadow.Peripherals.Displays.RotationType)">
            <summary>
            Set the rotation of the display
            </summary>
            <param name="rotation">The rotation</param>
        </member>
        <member name="T:Meadow.Foundation.Displays.Hx8357b">
            <summary>
            Represents a Hx8357b TFT color display
            </summary>
        </member>
        <member name="M:Meadow.Foundation.Displays.Hx8357b.#ctor(Meadow.Hardware.ISpiBus,Meadow.Hardware.IPin,Meadow.Hardware.IPin,Meadow.Hardware.IPin,System.Int32,System.Int32,Meadow.Peripherals.Displays.ColorMode)">
            <summary>
            Create a new Hx8357b color display object
            </summary>
            <param name="spiBus">SPI bus connected to display</param>
            <param name="chipSelectPin">Chip select pin</param>
            <param name="dcPin">Data command pin</param>
            <param name="resetPin">Reset pin</param>
            <param name="width">Width of display in pixels</param>
            <param name="height">Height of display in pixels</param>
            <param name="colorMode">The color mode to use for the display buffer</param>
        </member>
        <member name="M:Meadow.Foundation.Displays.Hx8357b.#ctor(Meadow.Hardware.ISpiBus,Meadow.Hardware.IDigitalOutputPort,Meadow.Hardware.IDigitalOutputPort,Meadow.Hardware.IDigitalOutputPort,System.Int32,System.Int32,Meadow.Peripherals.Displays.ColorMode)">
            <summary>
            Create a new Hx8357b color display object
            </summary>
            <param name="spiBus">SPI bus connected to display</param>
            <param name="chipSelectPort">Chip select output port</param>
            <param name="dataCommandPort">Data command output port</param>
            <param name="resetPort">Reset output port</param>
            <param name="width">Width of display in pixels</param>
            <param name="height">Height of display in pixels</param>
            <param name="colorMode">The color mode to use for the display buffer</param>
        </member>
        <member name="M:Meadow.Foundation.Displays.Hx8357b.Initialize">
            <summary>
            Initialize the display
            </summary>
        </member>
        <member name="M:Meadow.Foundation.Displays.Hx8357b.SendCommand(Meadow.Foundation.Displays.Hx8357b.RegisterHX8357B)">
            <summary>
            Send a command to the display
            </summary>
            <param name="command">The command to send</param>
        </member>
        <member name="T:Meadow.Foundation.Displays.Hx8357b.RegisterHX8357B">
            <summary>
            Display registers
            </summary>
        </member>
        <member name="F:Meadow.Foundation.Displays.Hx8357b.RegisterHX8357B.PTLAR">
            <summary>
            Unknown
            </summary>
        </member>
        <member name="F:Meadow.Foundation.Displays.Hx8357b.RegisterHX8357B.SETDISPLAY">
            <summary>
            Set display
            </summary>
        </member>
        <member name="F:Meadow.Foundation.Displays.Hx8357b.RegisterHX8357B.SETDISPMODE">
            <summary>
            Set display mode
            </summary>
        </member>
        <member name="F:Meadow.Foundation.Displays.Hx8357b.RegisterHX8357B.SETOTP">
            <summary>
            Set OTP memory
            </summary>
        </member>
        <member name="F:Meadow.Foundation.Displays.Hx8357b.RegisterHX8357B.SET_PANEL_DRIVING">
            <summary>
            Set panel drive mode
            </summary>
        </member>
        <member name="F:Meadow.Foundation.Displays.Hx8357b.RegisterHX8357B.SETDGC">
            <summary>
            Set DGC settings
            </summary>
        </member>
        <member name="F:Meadow.Foundation.Displays.Hx8357b.RegisterHX8357B.SETID">
            <summary>
            Set ID
            </summary>
        </member>
        <member name="F:Meadow.Foundation.Displays.Hx8357b.RegisterHX8357B.SETDDB">
            <summary>
            Set DDB
            </summary>
        </member>
        <member name="F:Meadow.Foundation.Displays.Hx8357b.RegisterHX8357B.SETDISPLAYFRAME">
            <summary>
            Set display frame
            </summary>
        </member>
        <member name="F:Meadow.Foundation.Displays.Hx8357b.RegisterHX8357B.GAMMASET">
            <summary>
            Set gamma correction
            </summary>
        </member>
        <member name="F:Meadow.Foundation.Displays.Hx8357b.RegisterHX8357B.SETCABC">
            <summary>
            Set CABC
            </summary>
        </member>
        <member name="F:Meadow.Foundation.Displays.Hx8357b.RegisterHX8357B.SETPOWER">
            <summary>
            Set power control
            </summary>
        </member>
        <member name="F:Meadow.Foundation.Displays.Hx8357b.RegisterHX8357B.SETVCOM">
            <summary>
            Set VCOM
            </summary>
        </member>
        <member name="F:Meadow.Foundation.Displays.Hx8357b.RegisterHX8357B.SETPWRNORMAL">
            <summary>
            Set power normal
            </summary>
        </member>
        <member name="F:Meadow.Foundation.Displays.Hx8357b.RegisterHX8357B.RDID1">
            <summary>
            Read ID #1
            </summary>
        </member>
        <member name="F:Meadow.Foundation.Displays.Hx8357b.RegisterHX8357B.RDID2">
            <summary>
            Read ID #2
            </summary>
        </member>
        <member name="F:Meadow.Foundation.Displays.Hx8357b.RegisterHX8357B.RDID3">
            <summary>
            Read ID #3
            </summary>
        </member>
        <member name="F:Meadow.Foundation.Displays.Hx8357b.RegisterHX8357B.SETGAMMA">
            <summary>
            Set Gamma
            </summary>
        </member>
        <member name="F:Meadow.Foundation.Displays.Hx8357b.RegisterHX8357B.SETPANELRELATED">
            <summary>
            Set panel related
            </summary>
        </member>
        <member name="T:Meadow.Foundation.Displays.Hx8357d">
            <summary>
            Represents a Hx8357d TFT color display
            </summary>
        </member>
        <member name="P:Meadow.Foundation.Displays.Hx8357d.DefaultColorMode">
            <summary>
            The display default color mode
            </summary>
        </member>
        <member name="P:Meadow.Foundation.Displays.Hx8357d.SupportedColorModes">
            <summary>
            The color modes supported by the display
            </summary>
        </member>
        <member name="M:Meadow.Foundation.Displays.Hx8357d.#ctor(Meadow.Hardware.ISpiBus,Meadow.Hardware.IPin,Meadow.Hardware.IPin,Meadow.Hardware.IPin,System.Int32,System.Int32,Meadow.Peripherals.Displays.ColorMode)">
            <summary>
            Create a new Hx8357d color display object
            </summary>
            <param name="spiBus">SPI bus connected to display</param>
            <param name="chipSelectPin">Chip select pin</param>
            <param name="dcPin">Data command pin</param>
            <param name="resetPin">Reset pin</param>
            <param name="width">Width of display in pixels</param>
            <param name="height">Height of display in pixels</param>
            <param name="colorMode">The color mode to use for the display buffer</param>
        </member>
        <member name="M:Meadow.Foundation.Displays.Hx8357d.#ctor(Meadow.Hardware.ISpiBus,Meadow.Hardware.IDigitalOutputPort,Meadow.Hardware.IDigitalOutputPort,Meadow.Hardware.IDigitalOutputPort,System.Int32,System.Int32,Meadow.Peripherals.Displays.ColorMode)">
            <summary>
            Create a new Hx8357d color display object
            </summary>
            <param name="spiBus">SPI bus connected to display</param>
            <param name="chipSelectPort">Chip select output port</param>
            <param name="dataCommandPort">Data command output port</param>
            <param name="resetPort">Reset output port</param>
            <param name="width">Width of display in pixels</param>
            <param name="height">Height of display in pixels</param>
            <param name="colorMode">The color mode to use for the display buffer</param>
        </member>
        <member name="M:Meadow.Foundation.Displays.Hx8357d.Initialize">
            <summary>
            Initialize the display
            </summary>
        </member>
        <member name="M:Meadow.Foundation.Displays.Hx8357d.SetRotation(Meadow.Peripherals.Displays.RotationType)">
            <summary>
            Set the display rotation
            </summary>
            <param name="rotation">The rotation value</param>
        </member>
        <member name="T:Meadow.Foundation.Displays.Ili9163">
            <summary>
            Represents a Ili9163 TFT color display
            </summary>
        </member>
        <member name="P:Meadow.Foundation.Displays.Ili9163.DefaultColorMode">
            <summary>
            The default display color mode
            </summary>
        </member>
        <member name="P:Meadow.Foundation.Displays.Ili9163.SupportedColorModes">
            <summary>
            The color modes supported by the display
            </summary>
        </member>
        <member name="M:Meadow.Foundation.Displays.Ili9163.#ctor(Meadow.Hardware.ISpiBus,Meadow.Hardware.IPin,Meadow.Hardware.IPin,Meadow.Hardware.IPin,System.Int32,System.Int32,Meadow.Peripherals.Displays.ColorMode)">
            <summary>
            Create a new Ili9163 color display object
            </summary>
            <param name="spiBus">SPI bus connected to display</param>
            <param name="chipSelectPin">Chip select pin</param>
            <param name="dcPin">Data command pin</param>
            <param name="resetPin">Reset pin</param>
            <param name="width">Width of display in pixels</param>
            <param name="height">Height of display in pixels</param>
            <param name="colorMode">The color mode to use for the display buffer</param>
        </member>
        <member name="M:Meadow.Foundation.Displays.Ili9163.#ctor(Meadow.Hardware.ISpiBus,Meadow.Hardware.IDigitalOutputPort,Meadow.Hardware.IDigitalOutputPort,Meadow.Hardware.IDigitalOutputPort,System.Int32,System.Int32,Meadow.Peripherals.Displays.ColorMode)">
            <summary>
            Create a new Ili9163 color display object
            </summary>
            <param name="spiBus">SPI bus connected to display</param>
            <param name="chipSelectPort">Chip select output port</param>
            <param name="dataCommandPort">Data command output port</param>
            <param name="resetPort">Reset output port</param>
            <param name="width">Width of display in pixels</param>
            <param name="height">Height of display in pixels</param>
            <param name="colorMode">The color mode to use for the display buffer</param>
        </member>
        <member name="M:Meadow.Foundation.Displays.Ili9163.Initialize">
            <summary>
            Initialize the display
            </summary>
        </member>
        <member name="T:Meadow.Foundation.Displays.Ili9225">
            <summary>
            Represents a Ili9225 TFT color display
            </summary>
        </member>
        <member name="P:Meadow.Foundation.Displays.Ili9225.DefaultSpiBusSpeed">
            <summary>
            SPI bus speed
            </summary>
        </member>
        <member name="P:Meadow.Foundation.Displays.Ili9225.DefaultColorMode">
            <summary>
            The default display color mode
            </summary>
        </member>
        <member name="P:Meadow.Foundation.Displays.Ili9225.SupportedColorModes">
            <summary>
            The color modes supported by the display
            </summary>
        </member>
        <member name="M:Meadow.Foundation.Displays.Ili9225.#ctor(Meadow.Hardware.ISpiBus,Meadow.Hardware.IPin,Meadow.Hardware.IPin,Meadow.Hardware.IPin,Meadow.Peripherals.Displays.ColorMode)">
            <summary>
            Create a new Ili9225 color display object
            </summary>
            <param name="spiBus">SPI bus connected to display</param>
            <param name="chipSelectPin">Chip select pin</param>
            <param name="dcPin">Data command pin</param>
            <param name="resetPin">Reset pin</param>
            <param name="colorMode">The color mode to use for the display buffer</param>
        </member>
        <member name="M:Meadow.Foundation.Displays.Ili9225.#ctor(Meadow.Hardware.ISpiBus,Meadow.Hardware.IDigitalOutputPort,Meadow.Hardware.IDigitalOutputPort,Meadow.Hardware.IDigitalOutputPort,Meadow.Peripherals.Displays.ColorMode)">
            <summary>
            Create a new Ili9225 color display object
            </summary>
            <param name="spiBus">SPI bus connected to display</param>
            <param name="chipSelectPort">Chip select output port</param>
            <param name="dataCommandPort">Data command output port</param>
            <param name="resetPort">Reset output port</param>
            <param name="colorMode">The color mode to use for the display buffer</param>
        </member>
        <member name="M:Meadow.Foundation.Displays.Ili9225.Initialize">
            <summary>
            Initialize the display
            </summary>
        </member>
        <member name="M:Meadow.Foundation.Displays.Ili9225.SetRotation(Meadow.Peripherals.Displays.RotationType)">
            <summary>
            Set the display rotation
            </summary>
            <param name="rotation">The rotation value</param>
        </member>
        <member name="T:Meadow.Foundation.Displays.Ili9341">
            <summary>
            Represents a Ili9341 TFT color display
            </summary>
        </member>
        <member name="P:Meadow.Foundation.Displays.Ili9341.DefaultSpiBusSpeed">
            <summary>
            SPI bus speed
            </summary>
        </member>
        <member name="P:Meadow.Foundation.Displays.Ili9341.DefaultColorMode">
            <summary>
            The default display color mode
            </summary>
        </member>
        <member name="P:Meadow.Foundation.Displays.Ili9341.SupportedColorModes">
            <summary>
            The color modes supported by the display
            </summary>
        </member>
        <member name="M:Meadow.Foundation.Displays.Ili9341.#ctor(Meadow.Hardware.ISpiBus,Meadow.Hardware.IPin,Meadow.Hardware.IPin,Meadow.Hardware.IPin,System.Int32,System.Int32,Meadow.Peripherals.Displays.ColorMode)">
            <summary>
            Create a new Ili9341 color display object
            </summary>
            <param name="spiBus">SPI bus connected to display</param>
            <param name="chipSelectPin">Chip select pin</param>
            <param name="dcPin">Data command pin</param>
            <param name="resetPin">Reset pin</param>
            <param name="width">Width of display in pixels</param>
            <param name="height">Height of display in pixels</param>
            <param name="colorMode">The color mode to use for the display buffer</param>
        </member>
        <member name="M:Meadow.Foundation.Displays.Ili9341.#ctor(Meadow.Hardware.ISpiBus,Meadow.Hardware.IDigitalOutputPort,Meadow.Hardware.IDigitalOutputPort,Meadow.Hardware.IDigitalOutputPort,System.Int32,System.Int32,Meadow.Peripherals.Displays.ColorMode)">
            <summary>
            Create a new Ili9341 color display object
            </summary>
            <param name="spiBus">SPI bus connected to display</param>
            <param name="chipSelectPort">Chip select output port</param>
            <param name="dataCommandPort">Data command output port</param>
            <param name="resetPort">Reset output port</param>
            <param name="width">Width of display in pixels</param>
            <param name="height">Height of display in pixels</param>
            <param name="colorMode">The color mode to use for the display buffer</param>
        </member>
        <member name="M:Meadow.Foundation.Displays.Ili9341.Initialize">
            <summary>
            Initialize the display
            </summary>
        </member>
        <member name="M:Meadow.Foundation.Displays.Ili9341.SetRotation(Meadow.Peripherals.Displays.RotationType)">
            <summary>
            Set the display rotation
            </summary>
            <param name="rotation">The rotation value</param>
        </member>
        <member name="T:Meadow.Foundation.Displays.Ili9481">
            <summary>
            Represents a Ili9481 TFT color display
            </summary>
        </member>
        <member name="P:Meadow.Foundation.Displays.Ili9481.DefaultColorMode">
            <summary>
            The default display color mode
            </summary>
        </member>
        <member name="P:Meadow.Foundation.Displays.Ili9481.SupportedColorModes">
            <summary>
            The color modes supported by the display
            </summary>
        </member>
        <member name="M:Meadow.Foundation.Displays.Ili9481.#ctor(Meadow.Hardware.ISpiBus,Meadow.Hardware.IPin,Meadow.Hardware.IPin,Meadow.Hardware.IPin,System.Int32,System.Int32,Meadow.Peripherals.Displays.ColorMode)">
            <summary>
            Create a new Ili9341 color display object
            </summary>
            <param name="spiBus">SPI bus connected to display</param>
            <param name="chipSelectPin">Chip select pin</param>
            <param name="dcPin">Data command pin</param>
            <param name="resetPin">Reset pin</param>
            <param name="width">Width of display in pixels</param>
            <param name="height">Height of display in pixels</param>
            <param name="colorMode">The color mode to use for the display buffer</param>
        </member>
        <member name="M:Meadow.Foundation.Displays.Ili9481.#ctor(Meadow.Hardware.ISpiBus,Meadow.Hardware.IDigitalOutputPort,Meadow.Hardware.IDigitalOutputPort,Meadow.Hardware.IDigitalOutputPort,System.Int32,System.Int32,Meadow.Peripherals.Displays.ColorMode)">
            <summary>
            Create a new Ili9481 color display object
            </summary>
            <param name="spiBus">SPI bus connected to display</param>
            <param name="chipSelectPort">Chip select output port</param>
            <param name="dataCommandPort">Data command output port</param>
            <param name="resetPort">Reset output port</param>
            <param name="width">Width of display in pixels</param>
            <param name="height">Height of display in pixels</param>
            <param name="colorMode">The color mode to use for the display buffer</param>
        </member>
        <member name="M:Meadow.Foundation.Displays.Ili9481.Initialize">
            <summary>
            Initialize the display
            </summary>
        </member>
        <member name="M:Meadow.Foundation.Displays.Ili9481.SetRotation(Meadow.Peripherals.Displays.RotationType)">
            <summary>
            Set the display rotation
            </summary>
            <param name="rotation">The rotation value</param>
        </member>
        <member name="T:Meadow.Foundation.Displays.Ili9486">
            <summary>
            Represents a Ili9486 TFT color display
            </summary>
        </member>
        <member name="P:Meadow.Foundation.Displays.Ili9486.DefaultColorMode">
            <summary>
            The default display color mode
            </summary>
        </member>
        <member name="P:Meadow.Foundation.Displays.Ili9486.SupportedColorModes">
            <summary>
            The color modes supported by the display
            </summary>
        </member>
        <member name="M:Meadow.Foundation.Displays.Ili9486.#ctor(Meadow.Hardware.ISpiBus,Meadow.Hardware.IPin,Meadow.Hardware.IPin,Meadow.Hardware.IPin,System.Int32,System.Int32,Meadow.Peripherals.Displays.ColorMode)">
            <summary>
            Create a new Ili9486 color display object
            </summary>
            <param name="spiBus">SPI bus connected to display</param>
            <param name="chipSelectPin">Chip select pin</param>
            <param name="dcPin">Data command pin</param>
            <param name="resetPin">Reset pin</param>
            <param name="width">Width of display in pixels</param>
            <param name="height">Height of display in pixels</param>
            <param name="colorMode">The color mode to use for the display buffer</param>
        </member>
        <member name="M:Meadow.Foundation.Displays.Ili9486.#ctor(Meadow.Hardware.ISpiBus,Meadow.Hardware.IDigitalOutputPort,Meadow.Hardware.IDigitalOutputPort,Meadow.Hardware.IDigitalOutputPort,System.Int32,System.Int32,Meadow.Peripherals.Displays.ColorMode)">
            <summary>
            Create a new Ili9486 color display object
            </summary>
            <param name="spiBus">SPI bus connected to display</param>
            <param name="chipSelectPort">Chip select output port</param>
            <param name="dataCommandPort">Data command output port</param>
            <param name="resetPort">Reset output port</param>
            <param name="width">Width of display in pixels</param>
            <param name="height">Height of display in pixels</param>
            <param name="colorMode">The color mode to use for the display buffer</param>
        </member>
        <member name="M:Meadow.Foundation.Displays.Ili9486.Initialize">
            <summary>
            Initialize the display
            </summary>
        </member>
        <member name="M:Meadow.Foundation.Displays.Ili9486.SetRotation(Meadow.Peripherals.Displays.RotationType)">
            <summary>
            Set the display rotation
            </summary>
            <param name="rotation">The rotation value</param>
        </member>
        <member name="T:Meadow.Foundation.Displays.Ili9488">
            <summary>
            Represents a Ili9488 TFT color display
            </summary>
        </member>
        <member name="P:Meadow.Foundation.Displays.Ili9488.DefaultColorMode">
            <summary>
            The default display color mode
            </summary>
        </member>
        <member name="P:Meadow.Foundation.Displays.Ili9488.SupportedColorModes">
            <summary>
            The color modes supported by the display
            </summary>
        </member>
        <member name="M:Meadow.Foundation.Displays.Ili9488.#ctor(Meadow.Hardware.ISpiBus,Meadow.Hardware.IPin,Meadow.Hardware.IPin,Meadow.Hardware.IPin,System.Int32,System.Int32)">
            <summary>
            Create a new Ili9488 display object
            </summary>
            <param name="spiBus">SPI bus connected to display</param>
            <param name="chipSelectPin">Chip select pin</param>
            <param name="dcPin">Data command pin</param>
            <param name="resetPin">Reset pin</param>
            <param name="width">Width of display in pixels</param>
            <param name="height">Height of display in pixels</param>
        </member>
        <member name="M:Meadow.Foundation.Displays.Ili9488.#ctor(Meadow.Hardware.ISpiBus,Meadow.Hardware.IDigitalOutputPort,Meadow.Hardware.IDigitalOutputPort,Meadow.Hardware.IDigitalOutputPort,System.Int32,System.Int32)">
            <summary>
            Create a new Ili9488 color display object
            </summary>
            <param name="spiBus">SPI bus connected to display</param>
            <param name="chipSelectPort">Chip select output port</param>
            <param name="dataCommandPort">Data command output port</param>
            <param name="resetPort">Reset output port</param>
            <param name="width">Width of display in pixels</param>
            <param name="height">Height of display in pixels</param>
        </member>
        <member name="M:Meadow.Foundation.Displays.Ili9488.Initialize">
            <summary>
            Initialize the display
            </summary>
        </member>
        <member name="M:Meadow.Foundation.Displays.Ili9488.SetRotation(Meadow.Peripherals.Displays.RotationType)">
            <summary>
            Set the display rotation
            </summary>
            <param name="rotation">The rotation value</param>
        </member>
        <member name="T:Meadow.Foundation.Displays.Rm68140">
            <summary>
            Represents a Rm68140 TFT color display
            </summary>
        </member>
        <member name="P:Meadow.Foundation.Displays.Rm68140.DefaultColorMode">
            <summary>
            The default display color mode
            </summary>
        </member>
        <member name="P:Meadow.Foundation.Displays.Rm68140.SupportedColorModes">
            <summary>
            The color modes supported by the display
            </summary>
        </member>
        <member name="M:Meadow.Foundation.Displays.Rm68140.#ctor(Meadow.Hardware.ISpiBus,Meadow.Hardware.IPin,Meadow.Hardware.IPin,Meadow.Hardware.IPin,System.Int32,System.Int32,Meadow.Peripherals.Displays.ColorMode)">
            <summary>
            Create a new Rm68140 color display object
            </summary>
            <param name="spiBus">SPI bus connected to display</param>
            <param name="chipSelectPin">Chip select pin</param>
            <param name="dcPin">Data command pin</param>
            <param name="resetPin">Reset pin</param>
            <param name="width">Width of display in pixels</param>
            <param name="height">Height of display in pixels</param>
            <param name="colorMode">The color mode to use for the display buffer</param>
        </member>
        <member name="M:Meadow.Foundation.Displays.Rm68140.#ctor(Meadow.Hardware.ISpiBus,Meadow.Hardware.IDigitalOutputPort,Meadow.Hardware.IDigitalOutputPort,Meadow.Hardware.IDigitalOutputPort,System.Int32,System.Int32,Meadow.Peripherals.Displays.ColorMode)">
            <summary>
            Create a new Rm68140 color display object
            </summary>
            <param name="spiBus">SPI bus connected to display</param>
            <param name="chipSelectPort">Chip select output port</param>
            <param name="dataCommandPort">Data command output port</param>
            <param name="resetPort">Reset output port</param>
            <param name="width">Width of display in pixels</param>
            <param name="height">Height of display in pixels</param>
            <param name="colorMode">The color mode to use for the display buffer</param>
        </member>
        <member name="M:Meadow.Foundation.Displays.Rm68140.Initialize">
            <summary>
            Initialize the display
            </summary>
        </member>
        <member name="M:Meadow.Foundation.Displays.Rm68140.SetRotation(Meadow.Peripherals.Displays.RotationType)">
            <summary>
            Set the display rotation
            </summary>
            <param name="rotation">The rotation value</param>
        </member>
        <member name="T:Meadow.Foundation.Displays.S6D02A1">
            <summary>
            Represents a Samsung S6D02A1 TFT color display
            </summary>
        </member>
        <member name="P:Meadow.Foundation.Displays.S6D02A1.DefaultColorMode">
            <summary>
            The default display color mode
            </summary>
        </member>
        <member name="P:Meadow.Foundation.Displays.S6D02A1.SupportedColorModes">
            <summary>
            The color modes supported by the display
            </summary>
        </member>
        <member name="M:Meadow.Foundation.Displays.S6D02A1.#ctor(Meadow.Hardware.ISpiBus,Meadow.Hardware.IPin,Meadow.Hardware.IPin,Meadow.Hardware.IPin,System.Int32,System.Int32,Meadow.Peripherals.Displays.ColorMode)">
            <summary>
            Create a new S6D02A1 color display object
            </summary>
            <param name="spiBus">SPI bus connected to display</param>
            <param name="chipSelectPin">Chip select pin</param>
            <param name="dcPin">Data command pin</param>
            <param name="resetPin">Reset pin</param>
            <param name="width">Width of display in pixels</param>
            <param name="height">Height of display in pixels</param>
            <param name="colorMode">The color mode to use for the display buffer</param>
        </member>
        <member name="M:Meadow.Foundation.Displays.S6D02A1.#ctor(Meadow.Hardware.ISpiBus,Meadow.Hardware.IDigitalOutputPort,Meadow.Hardware.IDigitalOutputPort,Meadow.Hardware.IDigitalOutputPort,System.Int32,System.Int32,Meadow.Peripherals.Displays.ColorMode)">
            <summary>
            Create a new S6D02A1 color display object
            </summary>
            <param name="spiBus">SPI bus connected to display</param>
            <param name="chipSelectPort">Chip select output port</param>
            <param name="dataCommandPort">Data command output port</param>
            <param name="resetPort">Reset output port</param>
            <param name="width">Width of display in pixels</param>
            <param name="height">Height of display in pixels</param>
            <param name="colorMode">The color mode to use for the display buffer</param>
        </member>
        <member name="M:Meadow.Foundation.Displays.S6D02A1.Initialize">
            <summary>
            Initialize the display
            </summary>
        </member>
        <member name="M:Meadow.Foundation.Displays.S6D02A1.SetRotation(Meadow.Peripherals.Displays.RotationType)">
            <summary>
            Set the display rotation
            </summary>
            <param name="rotation">The rotation value</param>
        </member>
        <member name="T:Meadow.Foundation.Displays.Ssd1331">
            <summary>
            Represents a Ssd1331 S6D02A1 TFT color display
            </summary>
        </member>
        <member name="P:Meadow.Foundation.Displays.Ssd1331.DefaultColorMode">
            <summary>
            The default display color mode
            </summary>
        </member>
        <member name="P:Meadow.Foundation.Displays.Ssd1331.SupportedColorModes">
            <summary>
            The color modes supported by the display
            </summary>
        </member>
        <member name="M:Meadow.Foundation.Displays.Ssd1331.#ctor(Meadow.Hardware.ISpiBus,Meadow.Hardware.IPin,Meadow.Hardware.IPin,Meadow.Hardware.IPin,System.Int32,System.Int32)">
            <summary>
            Create a new Ssd1331 color display object
            </summary>
            <param name="spiBus">SPI bus connected to display</param>
            <param name="chipSelectPin">Chip select pin</param>
            <param name="dcPin">Data command pin</param>
            <param name="resetPin">Reset pin</param>
            <param name="width">Width of display in pixels</param>
            <param name="height">Height of display in pixels</param>
        </member>
        <member name="M:Meadow.Foundation.Displays.Ssd1331.#ctor(Meadow.Hardware.ISpiBus,Meadow.Hardware.IDigitalOutputPort,Meadow.Hardware.IDigitalOutputPort,Meadow.Hardware.IDigitalOutputPort,System.Int32,System.Int32)">
            <summary>
            Create a new Ssd1331 color display object
            </summary>
            <param name="spiBus">SPI bus connected to display</param>
            <param name="chipSelectPort">Chip select output port</param>
            <param name="dataCommandPort">Data command output port</param>
            <param name="resetPort">Reset output port</param>
            <param name="width">Width of display in pixels</param>
            <param name="height">Height of display in pixels</param>
        </member>
        <member name="M:Meadow.Foundation.Displays.Ssd1331.Initialize">
            <summary>
            Initialize the display
            </summary>
        </member>
        <member name="M:Meadow.Foundation.Displays.Ssd1331.SetAddressWindow(System.Int32,System.Int32,System.Int32,System.Int32)">
            <summary>
            Set address window for display updates
            </summary>
            <param name="x0">X start in pixels</param>
            <param name="y0">Y start in pixels</param>
            <param name="x1">X end in pixels</param>
            <param name="y1">Y end in pixels</param>
        </member>
        <member name="T:Meadow.Foundation.Displays.Ssd1351">
            <summary>
            Represents a Ssd1351 TFT color display
            </summary>
        </member>
        <member name="P:Meadow.Foundation.Displays.Ssd1351.DefaultColorMode">
            <summary>
            The default display color mode
            </summary>
        </member>
        <member name="P:Meadow.Foundation.Displays.Ssd1351.SupportedColorModes">
            <summary>
            The color modes supported by the display
            </summary>
        </member>
        <member name="M:Meadow.Foundation.Displays.Ssd1351.#ctor(Meadow.Hardware.ISpiBus,Meadow.Hardware.IPin,Meadow.Hardware.IPin,Meadow.Hardware.IPin,System.Int32,System.Int32)">
            <summary>
            Create a new Ssd1351 color display object
            </summary>
            <param name="spiBus">SPI bus connected to display</param>
            <param name="chipSelectPin">Chip select pin</param>
            <param name="dcPin">Data command pin</param>
            <param name="resetPin">Reset pin</param>
            <param name="width">Width of display in pixels</param>
            <param name="height">Height of display in pixels</param>
        </member>
        <member name="M:Meadow.Foundation.Displays.Ssd1351.#ctor(Meadow.Hardware.ISpiBus,Meadow.Hardware.IDigitalOutputPort,Meadow.Hardware.IDigitalOutputPort,Meadow.Hardware.IDigitalOutputPort,System.Int32,System.Int32)">
            <summary>
            Create a new Ssd1351 color display object
            </summary>
            <param name="spiBus">SPI bus connected to display</param>
            <param name="chipSelectPort">Chip select output port</param>
            <param name="dataCommandPort">Data command output port</param>
            <param name="resetPort">Reset output port</param>
            <param name="width">Width of display in pixels</param>
            <param name="height">Height of display in pixels</param>
        </member>
        <member name="M:Meadow.Foundation.Displays.Ssd1351.Initialize">
            <summary>
            Initialize the display
            </summary>
        </member>
        <member name="M:Meadow.Foundation.Displays.Ssd1351.SetAddressWindow(System.Int32,System.Int32,System.Int32,System.Int32)">
            <summary>
            Set address window to update
            </summary>
            <param name="x0">Start x position in pixels</param>
            <param name="y0">End x position in pixels</param>
            <param name="x1">Start y position in pixels</param>
            <param name="y1">End y position in pixels</param>
        </member>
        <member name="M:Meadow.Foundation.Displays.Ssd1351.InvertDisplayColor(System.Boolean)">
            <inheritdoc/>
        </member>
        <member name="T:Meadow.Foundation.Displays.St7735">
            <summary>
            Represents a St7735 TFT color display
            </summary>
        </member>
        <member name="P:Meadow.Foundation.Displays.St7735.DefaultColorMode">
            <summary>
            The default display color mode
            </summary>
        </member>
        <member name="P:Meadow.Foundation.Displays.St7735.SupportedColorModes">
            <summary>
            The color modes supported by the display
            </summary>
        </member>
        <member name="M:Meadow.Foundation.Displays.St7735.#ctor(Meadow.Hardware.ISpiBus,Meadow.Hardware.IPin,Meadow.Hardware.IPin,Meadow.Hardware.IPin,System.Int32,System.Int32,Meadow.Foundation.Displays.St7735.DisplayType,Meadow.Peripherals.Displays.ColorMode)">
            <summary>
            Create a new St7735 color display object
            </summary>
            <param name="spiBus">SPI bus connected to display</param>
            <param name="chipSelectPin">Chip select pin</param>
            <param name="dcPin">Data command pin</param>
            <param name="resetPin">Reset pin</param>
            <param name="width">Width of display in pixels</param>
            <param name="height">Height of display in pixels</param>
            <param name="displayType">The St7735 display types (displays vary from manufacturer and screen size)</param>
            <param name="colorMode">The color mode to use for the display buffer</param>
        </member>
        <member name="M:Meadow.Foundation.Displays.St7735.#ctor(Meadow.Hardware.ISpiBus,Meadow.Hardware.IDigitalOutputPort,Meadow.Hardware.IDigitalOutputPort,Meadow.Hardware.IDigitalOutputPort,System.Int32,System.Int32,Meadow.Foundation.Displays.St7735.DisplayType,Meadow.Peripherals.Displays.ColorMode)">
            <summary>
            Create a new St7735 color display object
            </summary>
            <param name="spiBus">SPI bus connected to display</param>
            <param name="chipSelectPort">Chip select output port</param>
            <param name="dataCommandPort">Data command output port</param>
            <param name="resetPort">Reset output port</param>
            <param name="width">Width of display in pixels</param>
            <param name="height">Height of display in pixels</param>
            <param name="displayType">The St7735 display types (displays vary from manufacturer and screen size)</param>
            <param name="colorMode">The color mode to use for the display buffer</param>
        </member>
        <member name="T:Meadow.Foundation.Displays.St7735.DisplayType">
            <summary>
            The ST7735 display type
            </summary>
        </member>
        <member name="F:Meadow.Foundation.Displays.St7735.DisplayType.ST7735R">
            <summary>
            ST7735R
            </summary>
        </member>
        <member name="F:Meadow.Foundation.Displays.St7735.DisplayType.ST7735R_GreenTab">
            <summary>
            Green tab
            </summary>
        </member>
        <member name="F:Meadow.Foundation.Displays.St7735.DisplayType.ST7735R_BlackTab">
            <summary>
            Black tab
            </summary>
        </member>
        <member name="F:Meadow.Foundation.Displays.St7735.DisplayType.ST7735R_128x128">
            <summary>
            128x128 resolution
            </summary>
        </member>
        <member name="F:Meadow.Foundation.Displays.St7735.DisplayType.ST7735R_144x144">
            <summary>
            144x144 resolution
            </summary>
        </member>
        <member name="F:Meadow.Foundation.Displays.St7735.DisplayType.ST7735R_80x160">
            <summary>
            80x160 resolution
            </summary>
        </member>
        <member name="F:Meadow.Foundation.Displays.St7735.DisplayType.ST7735B">
            <summary>
            ST7735B
            </summary>
        </member>
        <member name="M:Meadow.Foundation.Displays.St7735.Initialize">
            <summary>
            Initialize the display
            </summary>
        </member>
        <member name="M:Meadow.Foundation.Displays.St7735.SetAddressWindow(System.Int32,System.Int32,System.Int32,System.Int32)">
            <summary>
            Set address window for display updates
            </summary>
            <param name="x0">X start in pixels</param>
            <param name="y0">Y start in pixels</param>
            <param name="x1">X end in pixels</param>
            <param name="y1">Y end in pixels</param>
        </member>
        <member name="T:Meadow.Foundation.Displays.St7789">
            <summary>
            Represents a St7789 TFT color display
            </summary>
        </member>
        <member name="P:Meadow.Foundation.Displays.St7789.DefaultColorMode">
            <summary>
            The default display color mode
            </summary>
        </member>
        <member name="P:Meadow.Foundation.Displays.St7789.SupportedColorModes">
            <summary>
            The color modes supported by the display
            </summary>
        </member>
        <member name="P:Meadow.Foundation.Displays.St7789.DefaultSpiBusSpeed">
            <summary>
            SPI bus speed
            </summary>
        </member>
        <member name="P:Meadow.Foundation.Displays.St7789.DefaultSpiBusMode">
            <summary>
            The SPI bus mode for the device
            </summary>
        </member>
        <member name="M:Meadow.Foundation.Displays.St7789.#ctor(Meadow.Hardware.ISpiBus,Meadow.Hardware.IPin,Meadow.Hardware.IPin,Meadow.Hardware.IPin,System.Int32,System.Int32,Meadow.Peripherals.Displays.ColorMode)">
            <summary>
            Create a new St7789 color display object
            </summary>
            <param name="spiBus">SPI bus connected to display</param>
            <param name="chipSelectPin">Chip select pin</param>
            <param name="dcPin">Data command pin</param>
            <param name="resetPin">Reset pin</param>
            <param name="width">Width of display in pixels</param>
            <param name="height">Height of display in pixels</param>
            <param name="colorMode">The color mode to use for the display buffer</param>
        </member>
        <member name="M:Meadow.Foundation.Displays.St7789.#ctor(Meadow.Hardware.ISpiBus,Meadow.Hardware.IDigitalOutputPort,Meadow.Hardware.IDigitalOutputPort,Meadow.Hardware.IDigitalOutputPort,System.Int32,System.Int32,Meadow.Peripherals.Displays.ColorMode)">
            <summary>
            Create a new St7789 color display object
            </summary>
            <param name="spiBus">SPI bus connected to display</param>
            <param name="chipSelectPort">Chip select output port</param>
            <param name="dataCommandPort">Data command output port</param>
            <param name="resetPort">Reset output port</param>
            <param name="width">Width of display in pixels</param>
            <param name="height">Height of display in pixels</param>
            <param name="colorMode">The color mode to use for the display buffer</param>
        </member>
        <member name="M:Meadow.Foundation.Displays.St7789.Initialize">
            <summary>
            Initialize the display
            </summary>
        </member>
        <member name="M:Meadow.Foundation.Displays.St7789.SetAddressWindow(System.Int32,System.Int32,System.Int32,System.Int32)">
            <summary>
            Set address window for display updates
            </summary>
            <param name="x0">X start in pixels</param>
            <param name="y0">Y start in pixels</param>
            <param name="x1">X end in pixels</param>
            <param name="y1">Y end in pixels</param>
        </member>
        <member name="M:Meadow.Foundation.Displays.St7789.SetRotation(Meadow.Peripherals.Displays.RotationType)">
            <summary>
            Set the display rotation
            </summary>
            <param name="rotation">The rotation value</param>
        </member>
        <member name="T:Meadow.Foundation.Displays.St7796s">
            <summary>
            Represents a St7796s TFT color display
            </summary>
        </member>
        <member name="P:Meadow.Foundation.Displays.St7796s.DefaultColorMode">
            <summary>
            The default display color mode
            </summary>
        </member>
        <member name="P:Meadow.Foundation.Displays.St7796s.SupportedColorModes">
            <summary>
            The color modes supported by the display
            </summary>
        </member>
        <member name="M:Meadow.Foundation.Displays.St7796s.#ctor(Meadow.Hardware.ISpiBus,Meadow.Hardware.IPin,Meadow.Hardware.IPin,Meadow.Hardware.IPin,System.Int32,System.Int32,Meadow.Peripherals.Displays.ColorMode)">
            <summary>
            Create a new St7796s color display object
            </summary>
            <param name="spiBus">SPI bus connected to display</param>
            <param name="chipSelectPin">Chip select pin</param>
            <param name="dcPin">Data command pin</param>
            <param name="resetPin">Reset pin</param>
            <param name="width">Width of display in pixels</param>
            <param name="height">Height of display in pixels</param>
            <param name="colorMode">The color mode to use for the display buffer</param>
        </member>
        <member name="M:Meadow.Foundation.Displays.St7796s.#ctor(Meadow.Hardware.ISpiBus,Meadow.Hardware.IDigitalOutputPort,Meadow.Hardware.IDigitalOutputPort,Meadow.Hardware.IDigitalOutputPort,System.Int32,System.Int32,Meadow.Peripherals.Displays.ColorMode)">
            <summary>
            Create a new St7796s color display object
            </summary>
            <param name="spiBus">SPI bus connected to display</param>
            <param name="chipSelectPort">Chip select output port</param>
            <param name="dataCommandPort">Data command output port</param>
            <param name="resetPort">Reset output port</param>
            <param name="width">Width of display in pixels</param>
            <param name="height">Height of display in pixels</param>
            <param name="colorMode">The color mode to use for the display buffer</param>
        </member>
        <member name="M:Meadow.Foundation.Displays.St7796s.Initialize">
            <summary>
            Initialize the display
            </summary>
        </member>
        <member name="M:Meadow.Foundation.Displays.St7796s.SetRotation(Meadow.Peripherals.Displays.RotationType)">
            <summary>
            Set the display rotation
            </summary>
            <param name="rotation">The rotation value</param>
        </member>
        <member name="T:Meadow.Foundation.Displays.TftSpiBase">
            <summary>
            Base class for TFT SPI displays
            These displays typically support 16 and 18 bit, some also include 8, 9, 12 and/or 24 bit color 
            </summary>
            <summary>
            Represents an abstract color TFT display using SPI communication
            </summary>
        </member>
        <member name="P:Meadow.Foundation.Displays.TftSpiBase.SetAddressBuffer">
            <summary>
            Temporary buffer that can be used to batch set address window buffer commands
            </summary>
        </member>
        <member name="P:Meadow.Foundation.Displays.TftSpiBase.ColorMode">
            <inheritdoc/>
        </member>
        <member name="P:Meadow.Foundation.Displays.TftSpiBase.SupportedColorModes">
            <inheritdoc/>
        </member>
        <member name="P:Meadow.Foundation.Displays.TftSpiBase.Rotation">
            <summary>
            The current rotation of the display
            </summary>
        </member>
        <member name="P:Meadow.Foundation.Displays.TftSpiBase.DefaultColorMode">
            <summary>
            The display default color mode
            </summary>
        </member>
        <member name="P:Meadow.Foundation.Displays.TftSpiBase.IsColorInverted">
            <inheritdoc/>
        </member>
        <member name="P:Meadow.Foundation.Displays.TftSpiBase.Width">
            <inheritdoc/>
        </member>
        <member name="P:Meadow.Foundation.Displays.TftSpiBase.Height">
            <inheritdoc/>
        </member>
        <member name="P:Meadow.Foundation.Displays.TftSpiBase.PixelBuffer">
            <inheritdoc/>
        </member>
        <member name="P:Meadow.Foundation.Displays.TftSpiBase.DefaultSpiBusSpeed">
            <summary>
            The default SPI bus speed for the device
            </summary>
        </member>
        <member name="P:Meadow.Foundation.Displays.TftSpiBase.SpiBusSpeed">
            <summary>
            The SPI bus speed for the device
            </summary>
        </member>
        <member name="P:Meadow.Foundation.Displays.TftSpiBase.DefaultSpiBusMode">
            <summary>
            The default SPI bus mode for the device
            </summary>
        </member>
        <member name="P:Meadow.Foundation.Displays.TftSpiBase.SpiBusMode">
            <summary>
            The SPI bus mode for the device
            </summary>
        </member>
        <member name="P:Meadow.Foundation.Displays.TftSpiBase.IsDisposed">
            <summary>
            Is the object disposed
            </summary>
        </member>
        <member name="F:Meadow.Foundation.Displays.TftSpiBase.createdPorts">
            <summary>
            Did we create the port(s) used by the peripheral
            </summary>
        </member>
        <member name="F:Meadow.Foundation.Displays.TftSpiBase.dataCommandPort">
            <summary>
            The data command port
            </summary>
        </member>
        <member name="F:Meadow.Foundation.Displays.TftSpiBase.resetPort">
            <summary>
            The reset port
            </summary>
        </member>
        <member name="F:Meadow.Foundation.Displays.TftSpiBase.chipSelectPort">
            <summary>
            The chip select port
            </summary>
        </member>
        <member name="F:Meadow.Foundation.Displays.TftSpiBase.spiDisplay">
            <summary>
            The spi peripheral for the display
            </summary>
        </member>
        <member name="F:Meadow.Foundation.Displays.TftSpiBase.imageBuffer">
            <summary>
            The off-screen image buffer
            </summary>
        </member>
        <member name="F:Meadow.Foundation.Displays.TftSpiBase.readBuffer">
            <summary>
            The read buffer
            </summary>
        </member>
        <member name="F:Meadow.Foundation.Displays.TftSpiBase.Data">
            <summary>
            Data convenience bool
            </summary>
        </member>
        <member name="F:Meadow.Foundation.Displays.TftSpiBase.Command">
            <summary>
            Command convenience bool
            </summary>
        </member>
        <member name="M:Meadow.Foundation.Displays.TftSpiBase.Initialize">
            <summary>
            Initialize the display
            </summary>
        </member>
        <member name="F:Meadow.Foundation.Displays.TftSpiBase.nativeHeight">
            <summary>
            The display's native height without rotation
            </summary>
        </member>
        <member name="F:Meadow.Foundation.Displays.TftSpiBase.nativeWidth">
            <summary>
            The display's native width without rotation
            </summary>
        </member>
        <member name="F:Meadow.Foundation.Displays.TftSpiBase.setAddressLastX0">
            <summary>
            Previous x0 value passed to SetAddressWindow
            Used for optimization to avoid unnecessary SPI commands
            </summary>
        </member>
        <member name="F:Meadow.Foundation.Displays.TftSpiBase.setAddressLastX1">
            <summary>
            Previous x1 value passed to SetAddressWindow
            Used for optimization to avoid unnecessary SPI commands
            </summary>
        </member>
        <member name="F:Meadow.Foundation.Displays.TftSpiBase.setAddressLastY0">
            <summary>
            Previous y0 value passed to SetAddressWindow
            Used for optimization to avoid unnecessary SPI commands
            </summary>
        </member>
        <member name="F:Meadow.Foundation.Displays.TftSpiBase.setAddressLastY1">
            <summary>
            Previous y1 value passed to SetAddressWindow
            Used for optimization to avoid unnecessary SPI commands
            </summary>
        </member>
        <member name="M:Meadow.Foundation.Displays.TftSpiBase.#ctor(Meadow.Hardware.ISpiBus,Meadow.Hardware.IPin,Meadow.Hardware.IPin,Meadow.Hardware.IPin,System.Int32,System.Int32,Meadow.Peripherals.Displays.ColorMode)">
            <summary>
            Represents an abstract TftSpiBase object
            </summary>
            <param name="spiBus">SPI bus connected to display</param>
            <param name="chipSelectPin">Chip select pin</param>
            <param name="dcPin">Data command pin</param>
            <param name="resetPin">Reset pin</param>
            <param name="width">Width of display in pixels</param>
            <param name="height">Height of display in pixels</param>
            <param name="colorMode">The color mode to use for the display buffer</param>
        </member>
        <member name="M:Meadow.Foundation.Displays.TftSpiBase.#ctor(Meadow.Hardware.ISpiBus,Meadow.Hardware.IDigitalOutputPort,Meadow.Hardware.IDigitalOutputPort,Meadow.Hardware.IDigitalOutputPort,System.Int32,System.Int32,Meadow.Peripherals.Displays.ColorMode)">
            <summary>
            Represents an abstract TftSpiBase object
            </summary>
            <param name="spiBus">SPI bus connected to display</param>
            <param name="chipSelectPort">Chip select output port</param>
            <param name="dataCommandPort">Data command output port</param>
            <param name="resetPort">Reset output port</param>
            <param name="width">Width of display in pixels</param>
            <param name="height">Height of display in pixels</param>
            <param name="colorMode">The color mode to use for the display buffer</param>
        </member>
        <member name="M:Meadow.Foundation.Displays.TftSpiBase.SetColorMode(Meadow.Peripherals.Displays.ColorMode)">
            <summary>
            Set color mode for the display
            </summary>
            <param name="colorMode"></param>
            <exception cref="T:System.ArgumentException">throw if the color mode isn't supported by the display</exception>
        </member>
        <member name="M:Meadow.Foundation.Displays.TftSpiBase.IsColorTypeSupported(Meadow.Peripherals.Displays.ColorMode)">
            <summary>
            Is the color mode supported on this display
            </summary>
            <param name="colorType">The color mode</param>
            <returns>true if supported</returns>
        </member>
        <member name="M:Meadow.Foundation.Displays.TftSpiBase.CreateBuffer(Meadow.Peripherals.Displays.ColorMode,System.Int32,System.Int32)">
            <summary>
            Create an off-screen buffer for the display
            </summary>
            <param name="colorMode">The color mode</param>
            <param name="width">The width in pixels</param>
            <param name="height">The height in pixels</param>
            <exception cref="T:System.ArgumentException">Throws an exception if the color mode isn't supported</exception>
        </member>
        <member name="M:Meadow.Foundation.Displays.TftSpiBase.SetAddressWindow(System.Int32,System.Int32,System.Int32,System.Int32)">
            <summary>
            Set address window for display updates
            </summary>
            <param name="x0">X start in pixels</param>
            <param name="y0">Y start in pixels</param>
            <param name="x1">X end in pixels</param>
            <param name="y1">Y end in pixels</param>
        </member>
        <member name="M:Meadow.Foundation.Displays.TftSpiBase.Clear(System.Boolean)">
            <summary>
            Clear the display.
            </summary>
            <param name="updateDisplay">Update the display once the buffer has been cleared when true.</param>
        </member>
        <member name="M:Meadow.Foundation.Displays.TftSpiBase.Fill(Meadow.Color,System.Boolean)">
            <summary>
            Fill the display buffer with a color
            </summary>
            <param name="color">The fill color</param>
            <param name="updateDisplay">If true, update the display after filling the buffer</param>
        </member>
        <member name="M:Meadow.Foundation.Displays.TftSpiBase.WriteBuffer(System.Int32,System.Int32,Meadow.Peripherals.Displays.IPixelBuffer)">
            <summary>
            Write a buffer to the display off-screen buffer
            </summary>
            <param name="x">The x position in pixels to write the buffer</param>
            <param name="y">The y position in pixels to write the buffer</param>
            <param name="buffer">The buffer to write</param>
        </member>
        <member name="M:Meadow.Foundation.Displays.TftSpiBase.DrawPixel(System.Int32,System.Int32,System.Boolean)">
            <summary>
            Draw pixel at a location
            Primarily used for monochrome displays, prefer overload that accepts a Color
            </summary>
            <param name="x">x location in pixels</param>
            <param name="y">y location in pixels</param>
            <param name="enabled">Turn the pixel on (true) or off (false).</param>
        </member>
        <member name="M:Meadow.Foundation.Displays.TftSpiBase.DrawPixel(System.Int32,System.Int32,Meadow.Color)">
            <summary>
            Draw a single pixel 
            </summary>
            <param name="x">x location in pixels</param>
            <param name="y">y location in pixels</param>
            <param name="color">Color of pixel.</param>
        </member>
        <member name="M:Meadow.Foundation.Displays.TftSpiBase.DrawPixel(System.Int32,System.Int32,System.Byte,System.Byte,System.Byte)">
            <summary>
            Draw a single pixel 
            </summary>
            <param name="x">x location in pixels</param>
            <param name="y">y location in pixels</param>
            <param name="r">8 bit red value</param>
            <param name="g">8 bit green value</param>
            <param name="b">8 bit blue value</param>
        </member>
        <member name="M:Meadow.Foundation.Displays.TftSpiBase.InvertPixel(System.Int32,System.Int32)">
            <summary>
            Invert the color of a single pixel as represented in the display buffer
            </summary>
            <param name="x">x location in pixels</param>
            <param name="y">y location in pixels</param>
        </member>
        <member name="M:Meadow.Foundation.Displays.TftSpiBase.Fill(System.Int32,System.Int32,System.Int32,System.Int32,Meadow.Color)">
            <summary>
            Fill with a color
            </summary>
            <param name="x">X start position in pixels</param>
            <param name="y">Y start position in pixels</param>
            <param name="width">Width in pixels</param>
            <param name="height">Height in pixels</param>
            <param name="color">The fill color</param>
        </member>
        <member name="M:Meadow.Foundation.Displays.TftSpiBase.Show">
            <summary>
            Draw the display buffer to screen
            </summary>
        </member>
        <member name="M:Meadow.Foundation.Displays.TftSpiBase.Show(System.Int32,System.Int32,System.Int32,System.Int32)">
            <summary>
            Transfer part of the contents of the buffer to the display
            bounded by left, top, right and bottom
            </summary>
        </member>
        <member name="M:Meadow.Foundation.Displays.TftSpiBase.InvertDisplayColor(System.Boolean)">
            <inheritdoc/>
        </member>
        <member name="M:Meadow.Foundation.Displays.TftSpiBase.Write(System.Byte)">
            <summary>
            Write a byte to the display
            </summary>
            <param name="value">The byte to send</param>
        </member>
        <member name="M:Meadow.Foundation.Displays.TftSpiBase.Write(System.Byte[])">
            <summary>
            Write a buffer to the display
            </summary>
            <param name="data">The data to send</param>
        </member>
        <member name="M:Meadow.Foundation.Displays.TftSpiBase.DelayMs(System.Int32)">
            <summary>
            Delay 
            </summary>
            <param name="millseconds">Milliseconds to delay</param>
        </member>
        <member name="M:Meadow.Foundation.Displays.TftSpiBase.SendCommand(Meadow.Foundation.Displays.TftSpiBase.Register)">
            <summary>
            Send a command to the display
            </summary>
            <param name="command">The command to send</param>
        </member>
        <member name="M:Meadow.Foundation.Displays.TftSpiBase.SendCommand(Meadow.Foundation.Displays.TftSpiBase.LcdCommand)">
            <summary>
            Send a command to the display
            </summary>
            <param name="command">The command to send as an LcdCommand</param>
        </member>
        <member name="M:Meadow.Foundation.Displays.TftSpiBase.SendCommand(System.Byte)">
            <summary>
            Send a command to the display
            </summary>
            <param name="command">The command to send as a byte</param>
        </member>
        <member name="M:Meadow.Foundation.Displays.TftSpiBase.SendData(System.Int32)">
            <summary>
            Send a single byte to the display (convenience method)
            </summary>
            <param name="data">The data to send </param>
        </member>
        <member name="M:Meadow.Foundation.Displays.TftSpiBase.SendData(System.Byte)">
            <summary>
            Send a single byte to the display
            </summary>
            <param name="data">The byte to send</param>
        </member>
        <member name="M:Meadow.Foundation.Displays.TftSpiBase.SendData(System.Byte[])">
            <summary>
            Send a byte array of data to the display
            </summary>
            <param name="data">The data</param>
        </member>
        <member name="M:Meadow.Foundation.Displays.TftSpiBase.Clear(Meadow.Color)">
            <summary>
            Clear the display buffer to a color
            </summary>
            <param name="color">The clear color</param>
        </member>
        <member name="M:Meadow.Foundation.Displays.TftSpiBase.UpdateBuffer">
            <summary>
            Update the display buffer if the dimensions change on rotation
            </summary>
        </member>
        <member name="M:Meadow.Foundation.Displays.TftSpiBase.Dispose">
            <inheritdoc/>
        </member>
        <member name="M:Meadow.Foundation.Displays.TftSpiBase.Dispose(System.Boolean)">
            <summary>
            Dispose of the object
            </summary>
            <param name="disposing">Is disposing</param>
        </member>
        <member name="T:Meadow.Foundation.Displays.TftSpiBase.LcdCommand">
            <summary>
            TFT SPI commands
            </summary>
        </member>
        <member name="F:Meadow.Foundation.Displays.TftSpiBase.LcdCommand.CASET">
            <summary>
            Column address set
            </summary>
        </member>
        <member name="F:Meadow.Foundation.Displays.TftSpiBase.LcdCommand.RASET">
            <summary>
            Row address set
            </summary>
        </member>
        <member name="F:Meadow.Foundation.Displays.TftSpiBase.LcdCommand.RAMWR">
            <summary>
            RAMWR
            </summary>
        </member>
        <member name="F:Meadow.Foundation.Displays.TftSpiBase.LcdCommand.RADRD">
            <summary>
            RADRD
            </summary>
        </member>
        <member name="T:Meadow.Foundation.Displays.TftSpiBase.Register">
            <summary>
            Display registers
            </summary>
        </member>
        <member name="F:Meadow.Foundation.Displays.TftSpiBase.Register.NO_OP">
            <summary>
            NO_OP
            </summary>
        </member>
        <member name="F:Meadow.Foundation.Displays.TftSpiBase.Register.SWRESET">
            <summary>
            Software reset
            </summary>
        </member>
        <member name="F:Meadow.Foundation.Displays.TftSpiBase.Register.SLPOUT">
            <summary>
            Exit sleep
            </summary>
        </member>
        <member name="F:Meadow.Foundation.Displays.TftSpiBase.Register.PTLON">
            <summary>
            Partial mode on
            </summary>
        </member>
        <member name="F:Meadow.Foundation.Displays.TftSpiBase.Register.NORON">
            <summary>
            Normal display
            </summary>
        </member>
        <member name="F:Meadow.Foundation.Displays.TftSpiBase.Register.INVOFF">
            <summary>
            Invert display off
            </summary>
        </member>
        <member name="F:Meadow.Foundation.Displays.TftSpiBase.Register.INVON">
            <summary>
            Invert display on
            </summary>
        </member>
        <member name="F:Meadow.Foundation.Displays.TftSpiBase.Register.DISOFF">
            <summary>
            Display off
            </summary>
        </member>
        <member name="F:Meadow.Foundation.Displays.TftSpiBase.Register.DISPON">
            <summary>
            Display on
            </summary>
        </member>
        <member name="F:Meadow.Foundation.Displays.TftSpiBase.Register.MADCTL">
            <summary>
            Memory access control
            </summary>
        </member>
        <member name="F:Meadow.Foundation.Displays.TftSpiBase.Register.MADCTL_MY">
            <summary>
            MADCTL_MY
            </summary>
        </member>
        <member name="F:Meadow.Foundation.Displays.TftSpiBase.Register.MADCTL_MX">
            <summary>
            MADCTL_MX
            </summary>
        </member>
        <member name="F:Meadow.Foundation.Displays.TftSpiBase.Register.MADCTL_MV">
            <summary>
            MADCTL_MV
            </summary>
        </member>
        <member name="F:Meadow.Foundation.Displays.TftSpiBase.Register.MADCTL_ML">
            <summary>
            MADCTL_ML
            </summary>
        </member>
        <member name="F:Meadow.Foundation.Displays.TftSpiBase.Register.MADCTL_RGB">
            <summary>
            MADCTL_RGB
            </summary>
        </member>
        <member name="F:Meadow.Foundation.Displays.TftSpiBase.Register.MADCTL_BGR">
            <summary>
            MADCTL_BGR
            </summary>
        </member>
        <member name="F:Meadow.Foundation.Displays.TftSpiBase.Register.MADCTL_MH">
            <summary>
            MADCTL_MH
            </summary>
        </member>
        <member name="F:Meadow.Foundation.Displays.TftSpiBase.Register.MADCTL_SS">
            <summary>
            MADCTL_SS
            </summary>
        </member>
        <member name="F:Meadow.Foundation.Displays.TftSpiBase.Register.MADCTL_GS">
            <summary>
            MADCTL_GS
            </summary>
        </member>
        <member name="F:Meadow.Foundation.Displays.TftSpiBase.Register.COLOR_MODE">
            <summary>
            COLOR_MODE
            </summary>
        </member>
        <member name="F:Meadow.Foundation.Displays.TftSpiBase.Register.FRMCTR1">
            <summary>
            Frame rate control (for some displays)
            </summary>
        </member>
    </members>
</doc>
