<?xml version="1.0"?>
<doc>
    <assembly>
        <name>Xpt2046</name>
    </assembly>
    <members>
        <member name="T:Meadow.Foundation.Sensors.Hid.Xpt2046">
            <summary>
            Represents an XPT2046 4-wire touch screen controller
            </summary>
        </member>
        <member name="E:Meadow.Foundation.Sensors.Hid.Xpt2046.TouchDown">
            <inheritdoc/>
        </member>
        <member name="E:Meadow.Foundation.Sensors.Hid.Xpt2046.TouchUp">
            <inheritdoc/>
        </member>
        <member name="E:Meadow.Foundation.Sensors.Hid.Xpt2046.TouchClick">
            <inheritdoc/>
        </member>
        <member name="E:Meadow.Foundation.Sensors.Hid.Xpt2046.TouchMoved">
            <inheritdoc/>
        </member>
        <member name="P:Meadow.Foundation.Sensors.Hid.Xpt2046.Rotation">
            <inheritdoc/>
        </member>
        <member name="P:Meadow.Foundation.Sensors.Hid.Xpt2046.IsCalibrated">
            <inheritdoc/>
        </member>
        <member name="P:Meadow.Foundation.Sensors.Hid.Xpt2046.IsTouched">
            <inheritdoc/>
        </member>
        <member name="M:Meadow.Foundation.Sensors.Hid.Xpt2046.#ctor(Meadow.Hardware.ISpiBus,Meadow.Hardware.IDigitalInterruptPort,Meadow.Hardware.IDigitalOutputPort,Meadow.Peripherals.Displays.RotationType)">
            <summary>
            Creates an instance of an Xpt2046
            </summary>
            <param name="spiBus">The ISpiBus connected to the touchscreen controller</param>
            <param name="touchInterrupt">The interrupt port connected to the touchscreen controller</param>
            <param name="chipSelect">The chip select port for the touchscreen controller</param>
            <param name="rotation">The touchscreen rotation (not the display rotation)</param>
        </member>
        <member name="M:Meadow.Foundation.Sensors.Hid.Xpt2046.SetCalibrationData(System.Collections.Generic.IEnumerable{Meadow.Hardware.CalibrationPoint})">
            <inheritdoc/>
        </member>
    </members>
</doc>
